  SYNC    include/config/auto.conf.cmd
  WRAP    arch/arm64/include/generated/uapi/asm/kvm_para.h
  WRAP    arch/arm64/include/generated/uapi/asm/errno.h
  WRAP    arch/arm64/include/generated/uapi/asm/ioctl.h
  WRAP    arch/arm64/include/generated/uapi/asm/ioctls.h
  WRAP    arch/arm64/include/generated/uapi/asm/ipcbuf.h
  WRAP    arch/arm64/include/generated/uapi/asm/msgbuf.h
  UPD     include/generated/uapi/linux/version.h
  WRAP    arch/arm64/include/generated/uapi/asm/poll.h
  UPD     include/config/kernel.release
  WRAP    arch/arm64/include/generated/uapi/asm/resource.h
  WRAP    arch/arm64/include/generated/uapi/asm/sembuf.h
  WRAP    arch/arm64/include/generated/uapi/asm/shmbuf.h
  WRAP    arch/arm64/include/generated/uapi/asm/siginfo.h
  WRAP    arch/arm64/include/generated/uapi/asm/socket.h
  WRAP    arch/arm64/include/generated/uapi/asm/sockios.h
  WRAP    arch/arm64/include/generated/uapi/asm/stat.h
  WRAP    arch/arm64/include/generated/uapi/asm/swab.h
  WRAP    arch/arm64/include/generated/uapi/asm/termbits.h
  WRAP    arch/arm64/include/generated/uapi/asm/termios.h
  WRAP    arch/arm64/include/generated/uapi/asm/types.h
  HOSTCC  scripts/dtc/dtc.o
  UPD     include/generated/utsrelease.h
  UPD     include/generated/compile.h
  WRAP    arch/arm64/include/generated/asm/early_ioremap.h
  WRAP    arch/arm64/include/generated/asm/mcs_spinlock.h
  WRAP    arch/arm64/include/generated/asm/qrwlock.h
mkdir -p /home/oliviero-nardin/OS/hw5/linux/tools/bpf/resolve_btfids && make O=/home/oliviero-nardin/OS/hw5/linux subdir=tools/bpf/resolve_btfids --no-print-directory -C bpf/resolve_btfids 
  WRAP    arch/arm64/include/generated/asm/qspinlock.h
  WRAP    arch/arm64/include/generated/asm/parport.h
  WRAP    arch/arm64/include/generated/asm/user.h
  WRAP    arch/arm64/include/generated/asm/bugs.h
  WRAP    arch/arm64/include/generated/asm/cfi.h
  WRAP    arch/arm64/include/generated/asm/delay.h
  WRAP    arch/arm64/include/generated/asm/div64.h
  WRAP    arch/arm64/include/generated/asm/dma-mapping.h
  WRAP    arch/arm64/include/generated/asm/dma.h
  WRAP    arch/arm64/include/generated/asm/emergency-restart.h
  WRAP    arch/arm64/include/generated/asm/hw_irq.h
  WRAP    arch/arm64/include/generated/asm/irq_regs.h
  WRAP    arch/arm64/include/generated/asm/kdebug.h
  WRAP    arch/arm64/include/generated/asm/kmap_size.h
  WRAP    arch/arm64/include/generated/asm/local.h
  WRAP    arch/arm64/include/generated/asm/local64.h
  WRAP    arch/arm64/include/generated/asm/mmiowb.h
  WRAP    arch/arm64/include/generated/asm/msi.h
  WRAP    arch/arm64/include/generated/asm/serial.h
  WRAP    arch/arm64/include/generated/asm/softirq_stack.h
  WRAP    arch/arm64/include/generated/asm/switch_to.h
  WRAP    arch/arm64/include/generated/asm/trace_clock.h
  WRAP    arch/arm64/include/generated/asm/unaligned.h
  WRAP    arch/arm64/include/generated/asm/vga.h
  MKDIR     /home/oliviero-nardin/OS/hw5/linux/tools/bpf/resolve_btfids/libbpf/
  MKDIR     /home/oliviero-nardin/OS/hw5/linux/tools/bpf/resolve_btfids//libsubcmd
  HOSTCC  scripts/dtc/flattree.o
  HOSTCC  /home/oliviero-nardin/OS/hw5/linux/tools/bpf/resolve_btfids/fixdep.o
  HOSTLD  /home/oliviero-nardin/OS/hw5/linux/tools/bpf/resolve_btfids/fixdep-in.o
  LINK    /home/oliviero-nardin/OS/hw5/linux/tools/bpf/resolve_btfids/fixdep
  HOSTCC  scripts/dtc/fstree.o
  HOSTCC  scripts/dtc/data.o
  GEN     /home/oliviero-nardin/OS/hw5/linux/tools/bpf/resolve_btfids/libbpf/bpf_helper_defs.h
  HOSTCC  scripts/dtc/livetree.o
  HOSTCC  scripts/dtc/treesource.o
  INSTALL /home/oliviero-nardin/OS/hw5/linux/tools/bpf/resolve_btfids/libbpf//include/bpf/bpf.h
  INSTALL /home/oliviero-nardin/OS/hw5/linux/tools/bpf/resolve_btfids/libbpf//include/bpf/libbpf.h
  INSTALL /home/oliviero-nardin/OS/hw5/linux/tools/bpf/resolve_btfids/libbpf//include/bpf/btf.h
  INSTALL /home/oliviero-nardin/OS/hw5/linux/tools/bpf/resolve_btfids/libbpf//include/bpf/libbpf_common.h
  INSTALL /home/oliviero-nardin/OS/hw5/linux/tools/bpf/resolve_btfids/libbpf//include/bpf/libbpf_legacy.h
  INSTALL /home/oliviero-nardin/OS/hw5/linux/tools/bpf/resolve_btfids/libbpf//include/bpf/bpf_helpers.h
  INSTALL /home/oliviero-nardin/OS/hw5/linux/tools/bpf/resolve_btfids/libbpf//include/bpf/bpf_tracing.h
  INSTALL /home/oliviero-nardin/OS/hw5/linux/tools/bpf/resolve_btfids/libbpf//include/bpf/bpf_endian.h
  INSTALL /home/oliviero-nardin/OS/hw5/linux/tools/bpf/resolve_btfids/libbpf//include/bpf/bpf_core_read.h
  INSTALL /home/oliviero-nardin/OS/hw5/linux/tools/bpf/resolve_btfids/libbpf//include/bpf/skel_internal.h
  INSTALL /home/oliviero-nardin/OS/hw5/linux/tools/bpf/resolve_btfids/libbpf//include/bpf/libbpf_version.h
  INSTALL /home/oliviero-nardin/OS/hw5/linux/tools/bpf/resolve_btfids/libbpf//include/bpf/usdt.bpf.h
  INSTALL /home/oliviero-nardin/OS/hw5/linux/tools/bpf/resolve_btfids/libbpf//include/bpf/bpf_helper_defs.h
  MKDIR   /home/oliviero-nardin/OS/hw5/linux/tools/bpf/resolve_btfids/libbpf/staticobjs/
  CC      /home/oliviero-nardin/OS/hw5/linux/tools/bpf/resolve_btfids/libbpf/staticobjs/libbpf.o
  MKDIR   /home/oliviero-nardin/OS/hw5/linux/tools/bpf/resolve_btfids/libbpf/staticobjs/
  CC      /home/oliviero-nardin/OS/hw5/linux/tools/bpf/resolve_btfids/libbpf/staticobjs/bpf.o
  CC      /home/oliviero-nardin/OS/hw5/linux/tools/bpf/resolve_btfids/libbpf/staticobjs/nlattr.o
  CC      /home/oliviero-nardin/OS/hw5/linux/tools/bpf/resolve_btfids/libbpf/staticobjs/btf.o
  HOSTCC  scripts/dtc/srcpos.o
  HOSTCC  scripts/dtc/checks.o
  HOSTCC  scripts/dtc/util.o
  LEX     scripts/dtc/dtc-lexer.lex.c
  YACC    scripts/dtc/dtc-parser.tab.[ch]
  HOSTCC  scripts/dtc/libfdt/fdt.o
  CC      /home/oliviero-nardin/OS/hw5/linux/tools/bpf/resolve_btfids/libsubcmd/exec-cmd.o
  HOSTCC  scripts/dtc/libfdt/fdt_ro.o
  CC      /home/oliviero-nardin/OS/hw5/linux/tools/bpf/resolve_btfids/libsubcmd/help.o
  HOSTCC  scripts/dtc/libfdt/fdt_wip.o
  HOSTCC  scripts/dtc/libfdt/fdt_sw.o
  CC      /home/oliviero-nardin/OS/hw5/linux/tools/bpf/resolve_btfids/libsubcmd/pager.o
  CC      /home/oliviero-nardin/OS/hw5/linux/tools/bpf/resolve_btfids/libsubcmd/parse-options.o
  HOSTCC  scripts/dtc/libfdt/fdt_rw.o
  HOSTCC  scripts/dtc/libfdt/fdt_strerror.o
  HOSTCC  scripts/dtc/libfdt/fdt_empty_tree.o
  HOSTCC  scripts/dtc/libfdt/fdt_addresses.o
  HOSTCC  scripts/dtc/libfdt/fdt_overlay.o
  CC      /home/oliviero-nardin/OS/hw5/linux/tools/bpf/resolve_btfids/libsubcmd/run-command.o
  HOSTCC  scripts/dtc/fdtoverlay.o
  HOSTCC  scripts/dtc/dtc-lexer.lex.o
  CC      /home/oliviero-nardin/OS/hw5/linux/tools/bpf/resolve_btfids/libsubcmd/sigchain.o
  CC      /home/oliviero-nardin/OS/hw5/linux/tools/bpf/resolve_btfids/libsubcmd/subcmd-config.o
  LD      /home/oliviero-nardin/OS/hw5/linux/tools/bpf/resolve_btfids/libsubcmd/libsubcmd-in.o
  INSTALL /home/oliviero-nardin/OS/hw5/linux/tools/bpf/resolve_btfids/libsubcmd//include/subcmd/exec-cmd.h
  INSTALL /home/oliviero-nardin/OS/hw5/linux/tools/bpf/resolve_btfids/libsubcmd//include/subcmd/help.h
  INSTALL /home/oliviero-nardin/OS/hw5/linux/tools/bpf/resolve_btfids/libsubcmd//include/subcmd/pager.h
  INSTALL /home/oliviero-nardin/OS/hw5/linux/tools/bpf/resolve_btfids/libsubcmd//include/subcmd/parse-options.h
  INSTALL /home/oliviero-nardin/OS/hw5/linux/tools/bpf/resolve_btfids/libsubcmd//include/subcmd/run-command.h
  AR      /home/oliviero-nardin/OS/hw5/linux/tools/bpf/resolve_btfids/libsubcmd/libsubcmd.a
  INSTALL libsubcmd_headers
  INSTALL libbpf_headers
  CC      /home/oliviero-nardin/OS/hw5/linux/tools/bpf/resolve_btfids/libbpf/staticobjs/libbpf_errno.o
  HOSTCC  scripts/dtc/dtc-parser.tab.o
  HOSTLD  scripts/dtc/fdtoverlay
  CC      /home/oliviero-nardin/OS/hw5/linux/tools/bpf/resolve_btfids/libbpf/staticobjs/str_error.o
  CC      /home/oliviero-nardin/OS/hw5/linux/tools/bpf/resolve_btfids/libbpf/staticobjs/netlink.o
  CC      /home/oliviero-nardin/OS/hw5/linux/tools/bpf/resolve_btfids/libbpf/staticobjs/bpf_prog_linfo.o
  CC      /home/oliviero-nardin/OS/hw5/linux/tools/bpf/resolve_btfids/libbpf/staticobjs/libbpf_probes.o
  HOSTLD  scripts/dtc/dtc
  HOSTCC  scripts/genksyms/genksyms.o
  DTC     arch/arm64/boot/dts/actions/s700-cubieboard7.dtb
  DTC     arch/arm64/boot/dts/actions/s900-bubblegum-96.dtb
  DTC     arch/arm64/boot/dts/allwinner/sun50i-a64-amarula-relic.dtb
  DTC     arch/arm64/boot/dts/altera/socfpga_stratix10_socdk.dtb
  DTC     arch/arm64/boot/dts/altera/socfpga_stratix10_socdk_nand.dtb
  DTC     arch/arm64/boot/dts/allwinner/sun50i-a64-bananapi-m64.dtb
  DTC     arch/arm64/boot/dts/altera/socfpga_stratix10_swvp.dtb
  DTC     arch/arm64/boot/dts/allwinner/sun50i-a64-nanopi-a64.dtb
  HOSTCC  scripts/selinux/genheaders/genheaders
  DTC     arch/arm64/boot/dts/allwinner/sun50i-a64-oceanic-5205-5inmfd.dtb
  DTC     arch/arm64/boot/dts/allwinner/sun50i-a64-olinuxino.dtb
  DTC     arch/arm64/boot/dts/allwinner/sun50i-a64-olinuxino-emmc.dtb
  DTC     arch/arm64/boot/dts/allwinner/sun50i-a64-orangepi-win.dtb
  YACC    scripts/genksyms/parse.tab.[ch]
  DTC     arch/arm64/boot/dts/allwinner/sun50i-a64-pine64-lts.dtb
  DTC     arch/arm64/boot/dts/allwinner/sun50i-a64-pine64-plus.dtb
  HOSTCC  scripts/selinux/mdp/mdp
  DTC     arch/arm64/boot/dts/allwinner/sun50i-a64-pine64.dtb
  DTC     arch/arm64/boot/dts/allwinner/sun50i-a64-pinebook.dtb
  DTC     arch/arm64/boot/dts/allwinner/sun50i-a64-pinephone-1.0.dtb
  LEX     scripts/genksyms/lex.lex.c
  HOSTCC  scripts/genksyms/parse.tab.o
  DTC     arch/arm64/boot/dts/allwinner/sun50i-a64-pinephone-1.1.dtb
  DTC     arch/arm64/boot/dts/allwinner/sun50i-a64-pinephone-1.2.dtb
  DTC     arch/arm64/boot/dts/allwinner/sun50i-a64-pinetab.dtb
  HOSTCC  scripts/kallsyms
  DTC     arch/arm64/boot/dts/allwinner/sun50i-a64-pinetab-early-adopter.dtb
  DTC     arch/arm64/boot/dts/allwinner/sun50i-a64-sopine-baseboard.dtb
  DTC     arch/arm64/boot/dts/allwinner/sun50i-a64-teres-i.dtb
  DTC     arch/arm64/boot/dts/allwinner/sun50i-a100-allwinner-perf1.dtb
  DTC     arch/arm64/boot/dts/allwinner/sun50i-h5-bananapi-m2-plus.dtb
  DTC     arch/arm64/boot/dts/allwinner/sun50i-h5-bananapi-m2-plus-v1.2.dtb
  DTC     arch/arm64/boot/dts/allwinner/sun50i-h5-emlid-neutis-n5-devboard.dtb
  DTC     arch/arm64/boot/dts/allwinner/sun50i-h5-libretech-all-h3-cc.dtb
  DTC     arch/arm64/boot/dts/allwinner/sun50i-h5-libretech-all-h3-it.dtb
  HOSTCC  scripts/genksyms/lex.lex.o
  DTC     arch/arm64/boot/dts/allwinner/sun50i-h5-libretech-all-h5-cc.dtb
  DTC     arch/arm64/boot/dts/allwinner/sun50i-h5-nanopi-neo2.dtb
  DTC     arch/arm64/boot/dts/allwinner/sun50i-h5-nanopi-neo-plus2.dtb
  DTC     arch/arm64/boot/dts/allwinner/sun50i-h5-nanopi-r1s-h5.dtb
  CC      /home/oliviero-nardin/OS/hw5/linux/tools/bpf/resolve_btfids/libbpf/staticobjs/hashmap.o
  DTC     arch/arm64/boot/dts/allwinner/sun50i-h5-orangepi-pc2.dtb
  DTC     arch/arm64/boot/dts/allwinner/sun50i-h5-orangepi-prime.dtb
  DTC     arch/arm64/boot/dts/allwinner/sun50i-h5-orangepi-zero-plus.dtb
  DTC     arch/arm64/boot/dts/allwinner/sun50i-h5-orangepi-zero-plus2.dtb
  DTC     arch/arm64/boot/dts/allwinner/sun50i-h6-beelink-gs1.dtb
  CC      /home/oliviero-nardin/OS/hw5/linux/tools/bpf/resolve_btfids/libbpf/staticobjs/btf_dump.o
  DTC     arch/arm64/boot/dts/allwinner/sun50i-h6-orangepi-3.dtb
  DTC     arch/arm64/boot/dts/allwinner/sun50i-h6-orangepi-lite2.dtb
  DTC     arch/arm64/boot/dts/allwinner/sun50i-h6-orangepi-one-plus.dtb
  DTC     arch/arm64/boot/dts/allwinner/sun50i-h6-pine-h64.dtb
  DTC     arch/arm64/boot/dts/allwinner/sun50i-h6-pine-h64-model-b.dtb
  DTC     arch/arm64/boot/dts/allwinner/sun50i-h6-tanix-tx6.dtb
  DTC     arch/arm64/boot/dts/allwinner/sun50i-h6-tanix-tx6-mini.dtb
  DTC     arch/arm64/boot/dts/allwinner/sun50i-h616-bigtreetech-cb1-manta.dtb
  DTC     arch/arm64/boot/dts/allwinner/sun50i-h616-bigtreetech-pi.dtb
  DTC     arch/arm64/boot/dts/allwinner/sun50i-h616-orangepi-zero2.dtb
  DTC     arch/arm64/boot/dts/allwinner/sun50i-h616-x96-mate.dtb
  DTC     arch/arm64/boot/dts/allwinner/sun50i-h618-orangepi-zero2w.dtb
  DTC     arch/arm64/boot/dts/allwinner/sun50i-h618-orangepi-zero3.dtb
  DTC     arch/arm64/boot/dts/allwinner/sun50i-h618-transpeed-8k618-t.dtb
  DTC     arch/arm64/boot/dts/amd/elba-asic.dtb
  DTC     arch/arm64/boot/dts/amd/amd-overdrive-rev-b0.dtb
  DTC     arch/arm64/boot/dts/amd/amd-overdrive-rev-b1.dtb
  HOSTLD  scripts/genksyms/genksyms
  DTC     arch/arm64/boot/dts/amlogic/amlogic-c3-c302x-aw409.dtb
  HOSTCC  scripts/sorttable
  DTC     arch/arm64/boot/dts/amlogic/amlogic-t7-a311d2-an400.dtb
  DTC     arch/arm64/boot/dts/amlogic/amlogic-t7-a311d2-khadas-vim4.dtb
  DTC     arch/arm64/boot/dts/amlogic/meson-a1-ad401.dtb
  DTC     arch/arm64/boot/dts/amlogic/meson-a1-ad402.dtb
  DTC     arch/arm64/boot/dts/amlogic/meson-axg-jethome-jethub-j100.dtb
  DTC     arch/arm64/boot/dts/amlogic/meson-axg-jethome-jethub-j110-rev-2.dtb
  DTC     arch/arm64/boot/dts/amlogic/meson-axg-jethome-jethub-j110-rev-3.dtb
  DTC     arch/arm64/boot/dts/amlogic/meson-axg-s400.dtb
  DTC     arch/arm64/boot/dts/amlogic/meson-g12a-radxa-zero.dtb
  DTC     arch/arm64/boot/dts/amlogic/meson-g12a-sei510.dtb
  DTC     arch/arm64/boot/dts/amlogic/meson-g12a-u200.dtb
  HOSTCC  scripts/asn1_compiler
  DTC     arch/arm64/boot/dts/amlogic/meson-g12a-x96-max.dtb
  DTC     arch/arm64/boot/dts/amlogic/meson-g12b-a311d-bananapi-m2s.dtb
  DTC     arch/arm64/boot/dts/amlogic/meson-g12b-a311d-khadas-vim3.dtb
  DTC     arch/arm64/boot/dts/amlogic/meson-g12b-bananapi-cm4-cm4io.dtb
  DTC     arch/arm64/boot/dts/amlogic/meson-g12b-gsking-x.dtb
  DTC     arch/arm64/boot/dts/apm/apm-mustang.dtb
  DTC     arch/arm64/boot/dts/amlogic/meson-g12b-gtking-pro.dtb
  DTC     arch/arm64/boot/dts/apm/apm-merlin.dtb
  DTC     arch/arm64/boot/dts/amlogic/meson-g12b-gtking.dtb
  HOSTCC  scripts/sign-file
  DTC     arch/arm64/boot/dts/amlogic/meson-g12b-a311d-libretech-cc.dtb
  DTC     arch/arm64/boot/dts/amlogic/meson-g12b-odroid-go-ultra.dtb
  DTC     arch/arm64/boot/dts/amlogic/meson-g12b-odroid-n2-plus.dtb
  DTC     arch/arm64/boot/dts/amlogic/meson-g12b-odroid-n2.dtb
  HOSTCC  scripts/insert-sys-cert
  DTC     arch/arm64/boot/dts/amlogic/meson-g12b-odroid-n2l.dtb
  DTC     arch/arm64/boot/dts/amlogic/meson-g12b-radxa-zero2.dtb
  DTC     arch/arm64/boot/dts/amlogic/meson-g12b-s922x-bananapi-m2s.dtb
  DTC     arch/arm64/boot/dts/amlogic/meson-g12b-s922x-khadas-vim3.dtb
  DTC     arch/arm64/boot/dts/amlogic/meson-g12b-ugoos-am6.dtb
  CC      /home/oliviero-nardin/OS/hw5/linux/tools/bpf/resolve_btfids/libbpf/staticobjs/ringbuf.o
  DTC     arch/arm64/boot/dts/apple/t8103-j274.dtb
  DTC     arch/arm64/boot/dts/amlogic/meson-gxbb-kii-pro.dtb
  DTC     arch/arm64/boot/dts/apple/t8103-j293.dtb
  DTC     arch/arm64/boot/dts/amlogic/meson-gxbb-nanopi-k2.dtb
  DTC     arch/arm64/boot/dts/apple/t8103-j313.dtb
  DTC     arch/arm64/boot/dts/amlogic/meson-gxbb-nexbox-a95x.dtb
  DTC     arch/arm64/boot/dts/amlogic/meson-gxbb-odroidc2.dtb
  DTC     arch/arm64/boot/dts/apple/t8103-j456.dtb
  DTC     arch/arm64/boot/dts/amlogic/meson-gxbb-p200.dtb
  DTC     arch/arm64/boot/dts/apple/t8103-j457.dtb
  DTC     arch/arm64/boot/dts/amlogic/meson-gxbb-p201.dtb
  DTC     arch/arm64/boot/dts/apple/t6000-j314s.dtb
  DTC     arch/arm64/boot/dts/amlogic/meson-gxbb-vega-s95-meta.dtb
  DTC     arch/arm64/boot/dts/apple/t6001-j314c.dtb
  DTC     arch/arm64/boot/dts/amlogic/meson-gxbb-vega-s95-pro.dtb
  DTC     arch/arm64/boot/dts/apple/t6000-j316s.dtb
  DTC     arch/arm64/boot/dts/amlogic/meson-gxbb-vega-s95-telos.dtb
  CC      /home/oliviero-nardin/OS/hw5/linux/tools/bpf/resolve_btfids/libbpf/staticobjs/strset.o
  DTC     arch/arm64/boot/dts/amlogic/meson-gxbb-wetek-hub.dtb
  DTC     arch/arm64/boot/dts/apple/t6001-j316c.dtb
  DTC     arch/arm64/boot/dts/amlogic/meson-gxbb-wetek-play2.dtb
  DTC     arch/arm64/boot/dts/amlogic/meson-gxl-s805x-libretech-ac.dtb
  DTC     arch/arm64/boot/dts/apple/t6001-j375c.dtb
  DTC     arch/arm64/boot/dts/amlogic/meson-gxl-s805x-p241.dtb
  DTC     arch/arm64/boot/dts/amlogic/meson-gxl-s905d-libretech-pc.dtb
  DTC     arch/arm64/boot/dts/apple/t6002-j375d.dtb
  DTC     arch/arm64/boot/dts/amlogic/meson-gxl-s905d-mecool-kii-pro.dtb
  DTC     arch/arm64/boot/dts/arm/foundation-v8.dtb
  DTC     arch/arm64/boot/dts/apple/t8112-j413.dtb
  DTC     arch/arm64/boot/dts/amlogic/meson-gxl-s905d-p230.dtb
  DTC     arch/arm64/boot/dts/arm/foundation-v8-psci.dtb
  DTC     arch/arm64/boot/dts/amlogic/meson-gxl-s905d-p231.dtb
  DTC     arch/arm64/boot/dts/arm/foundation-v8-gicv3.dtb
  DTC     arch/arm64/boot/dts/apple/t8112-j473.dtb
  DTC     arch/arm64/boot/dts/arm/foundation-v8-gicv3-psci.dtb
  DTC     arch/arm64/boot/dts/amlogic/meson-gxl-s905d-phicomm-n1.dtb
  DTC     arch/arm64/boot/dts/arm/juno.dtb
  DTC     arch/arm64/boot/dts/apple/t8112-j493.dtb
  DTC     arch/arm64/boot/dts/arm/juno-r1.dtb
  DTC     arch/arm64/boot/dts/amlogic/meson-gxl-s905d-sml5442tw.dtb
  CC      /home/oliviero-nardin/OS/hw5/linux/tools/bpf/resolve_btfids/libbpf/staticobjs/linker.o
  DTC     arch/arm64/boot/dts/arm/juno-r2.dtb
  DTC     arch/arm64/boot/dts/amlogic/meson-gxl-s905d-vero4k-plus.dtb
  DTC     arch/arm64/boot/dts/amlogic/meson-gxl-s905w-jethome-jethub-j80.dtb
  DTC     arch/arm64/boot/dts/arm/juno-scmi.dtb
  DTC     arch/arm64/boot/dts/amlogic/meson-gxl-s905w-p281.dtb
  DTC     arch/arm64/boot/dts/arm/juno-r1-scmi.dtb
  DTC     arch/arm64/boot/dts/amlogic/meson-gxl-s905w-tx3-mini.dtb
  DTC     arch/arm64/boot/dts/arm/juno-r2-scmi.dtb
  DTC     arch/arm64/boot/dts/amlogic/meson-gxl-s905x-hwacom-amazetv.dtb
  DTC     arch/arm64/boot/dts/arm/rtsm_ve-aemv8a.dtb
  DTC     arch/arm64/boot/dts/amlogic/meson-gxl-s905x-khadas-vim.dtb
  DTC     arch/arm64/boot/dts/arm/vexpress-v2f-1xv7-ca53x2.dtb
  DTC     arch/arm64/boot/dts/arm/fvp-base-revc.dtb
  DTC     arch/arm64/boot/dts/amlogic/meson-gxl-s905x-libretech-cc-v2.dtb
  DTC     arch/arm64/boot/dts/arm/corstone1000-fvp.dtb
  DTC     arch/arm64/boot/dts/arm/corstone1000-mps3.dtb
  DTC     arch/arm64/boot/dts/amlogic/meson-gxl-s905x-libretech-cc.dtb
  DTC     arch/arm64/boot/dts/amlogic/meson-gxl-s905x-nexbox-a95x.dtb
  GEN     arch/arm64/include/generated/asm/cpucap-defs.h
  DTC     arch/arm64/boot/dts/amlogic/meson-gxl-s905x-p212.dtb
  GEN     arch/arm64/include/generated/asm/sysreg-defs.h
  CC      /home/oliviero-nardin/OS/hw5/linux/tools/bpf/resolve_btfids/libbpf/staticobjs/gen_loader.o
  DTC     arch/arm64/boot/dts/amlogic/meson-gxm-gt1-ultimate.dtb
  DTC     arch/arm64/boot/dts/amlogic/meson-gxm-khadas-vim2.dtb
  DTC     arch/arm64/boot/dts/amlogic/meson-gxm-mecool-kiii-pro.dtb
  DTC     arch/arm64/boot/dts/amlogic/meson-gxm-minix-neo-u9h.dtb
  DTC     arch/arm64/boot/dts/amlogic/meson-gxm-nexbox-a1.dtb
  DTC     arch/arm64/boot/dts/amlogic/meson-gxm-q200.dtb
  DTC     arch/arm64/boot/dts/amlogic/meson-gxm-q201.dtb
  DTC     arch/arm64/boot/dts/amlogic/meson-gxm-rbox-pro.dtb
  DTC     arch/arm64/boot/dts/amlogic/meson-gxm-s912-libretech-pc.dtb
  DTC     arch/arm64/boot/dts/amlogic/meson-gxm-vega-s96.dtb
  DTC     arch/arm64/boot/dts/amlogic/meson-gxm-wetek-core2.dtb
  DTC     arch/arm64/boot/dts/amlogic/meson-s4-s805x2-aq222.dtb
  DTC     arch/arm64/boot/dts/amlogic/meson-sm1-a95xf3-air-gbit.dtb
  DTC     arch/arm64/boot/dts/amlogic/meson-sm1-a95xf3-air.dtb
  DTC     arch/arm64/boot/dts/bitmain/bm1880-sophon-edge.dtb
  DTC     arch/arm64/boot/dts/amlogic/meson-sm1-bananapi-m2-pro.dtb
  CC      scripts/mod/empty.o
  DTC     arch/arm64/boot/dts/amlogic/meson-sm1-bananapi-m5.dtb
  HOSTCC  scripts/mod/mk_elfconfig
  DTC     arch/arm64/boot/dts/amlogic/meson-sm1-h96-max.dtb
  DTC     arch/arm64/boot/dts/amlogic/meson-sm1-khadas-vim3l.dtb
  DTC     arch/arm64/boot/dts/amlogic/meson-sm1-s905d3-libretech-cc.dtb
  CC      scripts/mod/devicetable-offsets.s
  DTC     arch/arm64/boot/dts/amlogic/meson-sm1-odroid-c4.dtb
  DTC     arch/arm64/boot/dts/amlogic/meson-sm1-odroid-hc4.dtb
  DTC     arch/arm64/boot/dts/cavium/thunder-88xx.dtb
  DTC     arch/arm64/boot/dts/cavium/thunder2-99xx.dtb
  MKELF   scripts/mod/elfconfig.h
  CC      /home/oliviero-nardin/OS/hw5/linux/tools/bpf/resolve_btfids/libbpf/staticobjs/relo_core.o
  DTC     arch/arm64/boot/dts/amlogic/meson-sm1-sei610.dtb
  HOSTCC  scripts/mod/modpost.o
  DTC     arch/arm64/boot/dts/amlogic/meson-sm1-x96-air-gbit.dtb
  DTC     arch/arm64/boot/dts/amlogic/meson-sm1-x96-air.dtb
  DTC     arch/arm64/boot/dts/freescale/fsl-ls1012a-frdm.dtb
  DTC     arch/arm64/boot/dts/freescale/fsl-ls1012a-frwy.dtb
  DTC     arch/arm64/boot/dts/freescale/fsl-ls1012a-oxalis.dtb
  DTC     arch/arm64/boot/dts/freescale/fsl-ls1012a-qds.dtb
  DTC     arch/arm64/boot/dts/hisilicon/hi3660-hikey960.dtb
  DTC     arch/arm64/boot/dts/freescale/fsl-ls1012a-rdb.dtb
  DTC     arch/arm64/boot/dts/freescale/fsl-ls1028a-kontron-kbox-a-230-ls.dtb
  DTC     arch/arm64/boot/dts/hisilicon/hi3670-hikey970.dtb
  DTC     arch/arm64/boot/dts/freescale/fsl-ls1028a-kontron-sl28.dtb
  DTC     arch/arm64/boot/dts/hisilicon/hi3798cv200-poplar.dtb
  DTC     arch/arm64/boot/dts/hisilicon/hi6220-hikey.dtb
  DTC     arch/arm64/boot/dts/freescale/fsl-ls1028a-kontron-sl28-var1.dtb
  DTC     arch/arm64/boot/dts/hisilicon/hip05-d02.dtb
  DTC     arch/arm64/boot/dts/freescale/fsl-ls1028a-kontron-sl28-var2.dtb
  DTC     arch/arm64/boot/dts/hisilicon/hip06-d03.dtb
  DTC     arch/arm64/boot/dts/freescale/fsl-ls1028a-kontron-sl28-var3-ads2.dtb
  DTC     arch/arm64/boot/dts/hisilicon/hip07-d05.dtb
  DTC     arch/arm64/boot/dts/freescale/fsl-ls1028a-kontron-sl28-var4.dtb
  DTC     arch/arm64/boot/dts/freescale/fsl-ls1028a-qds.dtb
  UPD     scripts/mod/devicetable-offsets.h
  HOSTCC  scripts/mod/sumversion.o
  DTC     arch/arm64/boot/dts/freescale/fsl-ls1028a-rdb.dtb
  DTC     arch/arm64/boot/dts/freescale/fsl-ls1043a-qds.dtb
  DTC     arch/arm64/boot/dts/freescale/fsl-ls1043a-rdb.dtb
  DTC     arch/arm64/boot/dts/freescale/fsl-ls1043a-tqmls1043a-mbls10xxa.dtb
  DTC     arch/arm64/boot/dts/freescale/fsl-ls1046a-frwy.dtb
  DTC     arch/arm64/boot/dts/freescale/fsl-ls1046a-qds.dtb
  DTC     arch/arm64/boot/dts/freescale/fsl-ls1046a-rdb.dtb
  DTC     arch/arm64/boot/dts/freescale/fsl-ls1046a-tqmls1046a-mbls10xxa.dtb
  HOSTCC  scripts/mod/symsearch.o
  DTC     arch/arm64/boot/dts/freescale/fsl-ls1088a-qds.dtb
  CC      /home/oliviero-nardin/OS/hw5/linux/tools/bpf/resolve_btfids/libbpf/staticobjs/usdt.o
  DTC     arch/arm64/boot/dts/freescale/fsl-ls1088a-rdb.dtb
  DTC     arch/arm64/boot/dts/freescale/fsl-ls1088a-ten64.dtb
  HOSTCC  scripts/mod/file2alias.o
  DTC     arch/arm64/boot/dts/freescale/fsl-ls1088a-tqmls1088a-mbls10xxa.dtb
  DTC     arch/arm64/boot/dts/freescale/fsl-ls2080a-qds.dtb
  DTC     arch/arm64/boot/dts/intel/socfpga_agilex_n6000.dtb
  DTC     arch/arm64/boot/dts/freescale/fsl-ls2080a-rdb.dtb
  DTC     arch/arm64/boot/dts/intel/socfpga_agilex_socdk.dtb
  DTC     arch/arm64/boot/dts/freescale/fsl-ls2081a-rdb.dtb
  DTC     arch/arm64/boot/dts/intel/socfpga_agilex_socdk_nand.dtb
  DTC     arch/arm64/boot/dts/intel/socfpga_agilex5_socdk.dtb
  DTC     arch/arm64/boot/dts/freescale/fsl-ls2080a-simu.dtb
  DTC     arch/arm64/boot/dts/intel/socfpga_n5x_socdk.dtb
  DTC     arch/arm64/boot/dts/freescale/fsl-ls2088a-qds.dtb
  DTC     arch/arm64/boot/dts/intel/keembay-evm.dtb
  DTC     arch/arm64/boot/dts/freescale/fsl-ls2088a-rdb.dtb
  DTC     arch/arm64/boot/dts/freescale/fsl-lx2160a-bluebox3.dtb
  DTC     arch/arm64/boot/dts/lg/lg1312-ref.dtb
  DTC     arch/arm64/boot/dts/freescale/fsl-lx2160a-bluebox3-rev-a.dtb
  DTC     arch/arm64/boot/dts/lg/lg1313-ref.dtb
  CC      /home/oliviero-nardin/OS/hw5/linux/tools/bpf/resolve_btfids/libbpf/staticobjs/zip.o
  DTC     arch/arm64/boot/dts/freescale/fsl-lx2160a-clearfog-cx.dtb
  DTC     arch/arm64/boot/dts/freescale/fsl-lx2160a-honeycomb.dtb
  DTC     arch/arm64/boot/dts/freescale/fsl-lx2160a-qds.dtb
  DTC     arch/arm64/boot/dts/freescale/fsl-lx2160a-rdb.dtb
  DTC     arch/arm64/boot/dts/freescale/fsl-lx2162a-clearfog.dtb
  DTC     arch/arm64/boot/dts/freescale/fsl-lx2162a-qds.dtb
  CC      /home/oliviero-nardin/OS/hw5/linux/tools/bpf/resolve_btfids/libbpf/staticobjs/elf.o
  DTC     arch/arm64/boot/dts/freescale/fsl-ls1028a-qds-13bb.dtbo
  DTC     arch/arm64/boot/dts/marvell/armada-3720-db.dtb
  DTC     arch/arm64/boot/dts/freescale/fsl-ls1028a-qds-65bb.dtbo
  DTC     arch/arm64/boot/dts/freescale/fsl-ls1028a-qds-7777.dtbo
  DTC     arch/arm64/boot/dts/marvell/armada-3720-eDPU.dtb
  DTC     arch/arm64/boot/dts/freescale/fsl-ls1028a-qds-85bb.dtbo
  DTC     arch/arm64/boot/dts/freescale/fsl-ls1028a-qds-899b.dtbo
  DTC     arch/arm64/boot/dts/marvell/armada-3720-espressobin.dtb
  DTC     arch/arm64/boot/dts/freescale/fsl-ls1028a-qds-9999.dtbo
  DTC     arch/arm64/boot/dts/marvell/armada-3720-espressobin-emmc.dtb
  DTC     arch/arm64/boot/dts/freescale/fsl-lx2160a-tqmlx2160a-mblx2160a.dtb
  DTC     arch/arm64/boot/dts/marvell/armada-3720-espressobin-ultra.dtb
  DTC     arch/arm64/boot/dts/freescale/fsl-lx2160a-tqmlx2160a-mblx2160a_12_x_x.dtbo
  DTC     arch/arm64/boot/dts/marvell/armada-3720-espressobin-v7.dtb
  DTC     arch/arm64/boot/dts/freescale/fsl-lx2160a-tqmlx2160a-mblx2160a_x_11_x.dtbo
  DTC     arch/arm64/boot/dts/freescale/fsl-lx2160a-tqmlx2160a-mblx2160a_x_8_x.dtbo
  DTC     arch/arm64/boot/dts/marvell/armada-3720-espressobin-v7-emmc.dtb
  DTC     arch/arm64/boot/dts/freescale/fsl-lx2160a-tqmlx2160a-mblx2160a_x_7_x.dtbo
  DTC     arch/arm64/boot/dts/marvell/armada-3720-gl-mv1000.dtb
  DTC     arch/arm64/boot/dts/freescale/fsl-lx2160a-tqmlx2160a-mblx2160a_14_x_x.dtbo
  DTC     arch/arm64/boot/dts/marvell/armada-3720-turris-mox.dtb
  DTC     arch/arm64/boot/dts/freescale/imx8dxl-evk.dtb
  DTC     arch/arm64/boot/dts/marvell/armada-3720-uDPU.dtb
  DTC     arch/arm64/boot/dts/marvell/armada-7040-db.dtb
  DTC     arch/arm64/boot/dts/freescale/imx8mm-beacon-kit.dtb
  DTC     arch/arm64/boot/dts/marvell/armada-7040-mochabin.dtb
  LD      /home/oliviero-nardin/OS/hw5/linux/tools/bpf/resolve_btfids/libbpf/staticobjs/libbpf-in.o
  DTC     arch/arm64/boot/dts/marvell/armada-8040-clearfog-gt-8k.dtb
  LINK    /home/oliviero-nardin/OS/hw5/linux/tools/bpf/resolve_btfids/libbpf/libbpf.a
  DTC     arch/arm64/boot/dts/freescale/imx8mm-data-modul-edm-sbc.dtb
  DTC     arch/arm64/boot/dts/marvell/armada-8040-db.dtb
  HOSTCC  /home/oliviero-nardin/OS/hw5/linux/tools/bpf/resolve_btfids/main.o
  DTC     arch/arm64/boot/dts/freescale/imx8mm-ddr4-evk.dtb
  DTC     arch/arm64/boot/dts/marvell/armada-8040-mcbin.dtb
  DTC     arch/arm64/boot/dts/marvell/armada-8040-mcbin-singleshot.dtb
  DTC     arch/arm64/boot/dts/freescale/imx8mm-emcon-avari.dtb
  DTC     arch/arm64/boot/dts/marvell/armada-8040-puzzle-m801.dtb
  DTC     arch/arm64/boot/dts/freescale/imx8mm-emtop-baseboard.dtb
  DTC     arch/arm64/boot/dts/marvell/armada-8080-db.dtb
  DTC     arch/arm64/boot/dts/marvell/cn9130-db.dtb
  DTC     arch/arm64/boot/dts/freescale/imx8mm-evk.dtb
  DTC     arch/arm64/boot/dts/marvell/cn9130-db-B.dtb
  HOSTCC  /home/oliviero-nardin/OS/hw5/linux/tools/bpf/resolve_btfids/rbtree.o
  DTC     arch/arm64/boot/dts/freescale/imx8mm-evkb.dtb
  DTC     arch/arm64/boot/dts/marvell/cn9131-db.dtb
  DTC     arch/arm64/boot/dts/freescale/imx8mm-icore-mx8mm-ctouch2.dtb
  HOSTLD  scripts/mod/modpost
  DTC     arch/arm64/boot/dts/marvell/cn9131-db-B.dtb
  DTC     arch/arm64/boot/dts/freescale/imx8mm-icore-mx8mm-edimm2.2.dtb
  DTC     arch/arm64/boot/dts/marvell/cn9132-db.dtb
  DTC     arch/arm64/boot/dts/freescale/imx8mm-innocomm-wb15-evk.dtb
  UPD     include/generated/timeconst.h
  CC      kernel/bounds.s
  DTC     arch/arm64/boot/dts/marvell/cn9132-db-B.dtb
  HOSTCC  /home/oliviero-nardin/OS/hw5/linux/tools/bpf/resolve_btfids/zalloc.o
  DTC     arch/arm64/boot/dts/freescale/imx8mm-kontron-bl.dtb
  DTC     arch/arm64/boot/dts/marvell/cn9130-crb-A.dtb
  HOSTCC  /home/oliviero-nardin/OS/hw5/linux/tools/bpf/resolve_btfids/string.o
  DTC     arch/arm64/boot/dts/freescale/imx8mm-kontron-bl-osm-s.dtb
  DTC     arch/arm64/boot/dts/marvell/cn9130-crb-B.dtb
  DTC     arch/arm64/boot/dts/marvell/ac5x-rd-carrier-cn9131.dtb
  DTC     arch/arm64/boot/dts/freescale/imx8mm-mx8menlo.dtb
  HOSTCC  /home/oliviero-nardin/OS/hw5/linux/tools/bpf/resolve_btfids/ctype.o
  HOSTCC  /home/oliviero-nardin/OS/hw5/linux/tools/bpf/resolve_btfids/str_error_r.o
  DTC     arch/arm64/boot/dts/marvell/ac5-98dx35xx-rd.dtb
  DTC     arch/arm64/boot/dts/freescale/imx8mm-nitrogen-r2.dtb
  CHKSHA1 include/linux/atomic/atomic-arch-fallback.h
  CHKSHA1 include/linux/atomic/atomic-instrumented.h
  DTC     arch/arm64/boot/dts/freescale/imx8mm-phg.dtb
  CHKSHA1 include/linux/atomic/atomic-long.h
  DTC     arch/arm64/boot/dts/mediatek/mt2712-evb.dtb
  HOSTLD  /home/oliviero-nardin/OS/hw5/linux/tools/bpf/resolve_btfids/resolve_btfids-in.o
  UPD     include/generated/bounds.h
  LINK     resolve_btfids
  CC      arch/arm64/kernel/asm-offsets.s
  DTC     arch/arm64/boot/dts/freescale/imx8mm-phyboard-polis-rdk.dtb
  DTC     arch/arm64/boot/dts/mediatek/mt6755-evb.dtb
  DTC     arch/arm64/boot/dts/mediatek/mt6779-evb.dtb
  DTC     arch/arm64/boot/dts/freescale/imx8mm-phygate-tauri-l.dtb
  DTC     arch/arm64/boot/dts/mediatek/mt6795-evb.dtb
  DTC     arch/arm64/boot/dts/freescale/imx8mm-prt8mm.dtb
  DTC     arch/arm64/boot/dts/mediatek/mt6795-sony-xperia-m5.dtb
  DTC     arch/arm64/boot/dts/freescale/imx8mm-tqma8mqml-mba8mx.dtb
  DTC     arch/arm64/boot/dts/mediatek/mt6797-evb.dtb
  DTC     arch/arm64/boot/dts/microchip/sparx5_pcb125.dtb
  DTC     arch/arm64/boot/dts/mediatek/mt6797-x20-dev.dtb
  DTC     arch/arm64/boot/dts/microchip/sparx5_pcb134.dtb
  DTC     arch/arm64/boot/dts/freescale/imx8mm-var-som-symphony.dtb
  DTC     arch/arm64/boot/dts/mediatek/mt7622-rfb1.dtb
  DTC     arch/arm64/boot/dts/microchip/sparx5_pcb134_emmc.dtb
  DTC     arch/arm64/boot/dts/freescale/imx8mm-venice-gw71xx-0x.dtb
  DTC     arch/arm64/boot/dts/microchip/sparx5_pcb135.dtb
  DTC     arch/arm64/boot/dts/mediatek/mt7622-bananapi-bpi-r64.dtb
  DTC     arch/arm64/boot/dts/freescale/imx8mm-venice-gw72xx-0x.dtb
  DTC     arch/arm64/boot/dts/microchip/sparx5_pcb135_emmc.dtb
  DTC     arch/arm64/boot/dts/mediatek/mt7986a-bananapi-bpi-r3.dtb
  DTC     arch/arm64/boot/dts/freescale/imx8mm-venice-gw73xx-0x.dtb
  DTC     arch/arm64/boot/dts/mediatek/mt7986a-bananapi-bpi-r3-emmc.dtbo
  DTC     arch/arm64/boot/dts/nuvoton/ma35d1-iot-512m.dtb
  DTC     arch/arm64/boot/dts/mediatek/mt7986a-bananapi-bpi-r3-nand.dtbo
  DTC     arch/arm64/boot/dts/freescale/imx8mm-venice-gw7901.dtb
  DTC     arch/arm64/boot/dts/nuvoton/ma35d1-som-256m.dtb
  DTC     arch/arm64/boot/dts/mediatek/mt7986a-bananapi-bpi-r3-nor.dtbo
  DTC     arch/arm64/boot/dts/nuvoton/nuvoton-npcm845-evb.dtb
  DTC     arch/arm64/boot/dts/mediatek/mt7986a-bananapi-bpi-r3-sd.dtbo
  DTC     arch/arm64/boot/dts/freescale/imx8mm-venice-gw7902.dtb
  DTC     arch/arm64/boot/dts/freescale/imx8mm-venice-gw7903.dtb
  DTC     arch/arm64/boot/dts/mediatek/mt7986a-rfb.dtb
  DTC     arch/arm64/boot/dts/mediatek/mt7986b-rfb.dtb
  DTC     arch/arm64/boot/dts/mediatek/mt8167-pumpkin.dtb
  DTC     arch/arm64/boot/dts/freescale/imx8mm-venice-gw7904.dtb
  DTC     arch/arm64/boot/dts/freescale/imx8mm-venice-gw7905-0x.dtb
  DTC     arch/arm64/boot/dts/mediatek/mt8173-elm.dtb
  DTC     arch/arm64/boot/dts/nvidia/tegra132-norrin.dtb
  DTC     arch/arm64/boot/dts/freescale/imx8mm-verdin-nonwifi-dahlia.dtb
  DTC     arch/arm64/boot/dts/mediatek/mt8173-elm-hana.dtb
  DTC     arch/arm64/boot/dts/nvidia/tegra210-p2371-0000.dtb
  DTC     arch/arm64/boot/dts/freescale/imx8mm-verdin-nonwifi-dev.dtb
  DTC     arch/arm64/boot/dts/mediatek/mt8173-elm-hana-rev7.dtb
  DTC     arch/arm64/boot/dts/nvidia/tegra210-p2371-2180.dtb
  DTC     arch/arm64/boot/dts/freescale/imx8mm-verdin-nonwifi-mallow.dtb
  DTC     arch/arm64/boot/dts/mediatek/mt8173-evb.dtb
  DTC     arch/arm64/boot/dts/freescale/imx8mm-verdin-nonwifi-yavia.dtb
  DTC     arch/arm64/boot/dts/mediatek/mt8183-evb.dtb
  DTC     arch/arm64/boot/dts/nvidia/tegra210-p2571.dtb
  DTC     arch/arm64/boot/dts/mediatek/mt8183-kukui-jacuzzi-burnet.dtb
  DTC     arch/arm64/boot/dts/freescale/imx8mm-verdin-wifi-dahlia.dtb
  DTC     arch/arm64/boot/dts/nvidia/tegra210-p3450-0000.dtb
  DTC     arch/arm64/boot/dts/freescale/imx8mm-verdin-wifi-dev.dtb
  DTC     arch/arm64/boot/dts/mediatek/mt8183-kukui-jacuzzi-cozmo.dtb
  DTC     arch/arm64/boot/dts/nvidia/tegra210-smaug.dtb
  DTC     arch/arm64/boot/dts/mediatek/mt8183-kukui-jacuzzi-damu.dtb
  DTC     arch/arm64/boot/dts/nvidia/tegra210-p2894-0050-a08.dtb
  DTC     arch/arm64/boot/dts/freescale/imx8mm-verdin-wifi-mallow.dtb
  DTC     arch/arm64/boot/dts/nvidia/tegra186-p2771-0000.dtb
  DTC     arch/arm64/boot/dts/mediatek/mt8183-kukui-jacuzzi-fennel-sku1.dtb
  DTC     arch/arm64/boot/dts/freescale/imx8mm-verdin-wifi-yavia.dtb
  DTC     arch/arm64/boot/dts/freescale/imx8mm-tqma8mqml-mba8mx-lvds-tm070jvhg33.dtbo
  DTC     arch/arm64/boot/dts/mediatek/mt8183-kukui-jacuzzi-fennel-sku6.dtb
  DTC     arch/arm64/boot/dts/freescale/imx8mn-beacon-kit.dtb
  DTC     arch/arm64/boot/dts/nvidia/tegra186-p3509-0000+p3636-0001.dtb
  DTC     arch/arm64/boot/dts/freescale/imx8mn-bsh-smm-s2.dtb
  DTC     arch/arm64/boot/dts/mediatek/mt8183-kukui-jacuzzi-fennel-sku7.dtb
  DTC     arch/arm64/boot/dts/nvidia/tegra194-p2972-0000.dtb
  DTC     arch/arm64/boot/dts/freescale/imx8mn-bsh-smm-s2pro.dtb
  DTC     arch/arm64/boot/dts/mediatek/mt8183-kukui-jacuzzi-fennel14.dtb
  DTC     arch/arm64/boot/dts/freescale/imx8mn-dimonoff-gateway-evk.dtb
  DTC     arch/arm64/boot/dts/freescale/imx8mn-evk.dtb
  DTC     arch/arm64/boot/dts/mediatek/mt8183-kukui-jacuzzi-fennel14-sku2.dtb
  DTC     arch/arm64/boot/dts/nvidia/tegra194-p3509-0000+p3668-0000.dtb
  DTC     arch/arm64/boot/dts/freescale/imx8mn-ddr3l-evk.dtb
  DTC     arch/arm64/boot/dts/mediatek/mt8183-kukui-jacuzzi-juniper-sku16.dtb
  DTC     arch/arm64/boot/dts/freescale/imx8mn-ddr4-evk.dtb
  DTC     arch/arm64/boot/dts/freescale/imx8mn-rve-gateway.dtb
  DTC     arch/arm64/boot/dts/mediatek/mt8183-kukui-jacuzzi-kappa.dtb
  DTC     arch/arm64/boot/dts/nvidia/tegra194-p3509-0000+p3668-0001.dtb
  DTC     arch/arm64/boot/dts/freescale/imx8mn-tqma8mqnl-mba8mx.dtb
  DTC     arch/arm64/boot/dts/mediatek/mt8183-kukui-jacuzzi-kenzo.dtb
  DTC     arch/arm64/boot/dts/freescale/imx8mn-var-som-symphony.dtb
  DTC     arch/arm64/boot/dts/freescale/imx8mn-venice-gw7902.dtb
  DTC     arch/arm64/boot/dts/nvidia/tegra234-sim-vdk.dtb
  DTC     arch/arm64/boot/dts/mediatek/mt8183-kukui-jacuzzi-makomo-sku0.dtb
  DTC     arch/arm64/boot/dts/freescale/imx8mn-tqma8mqnl-mba8mx-lvds-tm070jvhg33.dtbo
  DTC     arch/arm64/boot/dts/nvidia/tegra234-p3737-0000+p3701-0000.dtb
  DTC     arch/arm64/boot/dts/freescale/imx8mp-beacon-kit.dtb
  DTC     arch/arm64/boot/dts/mediatek/mt8183-kukui-jacuzzi-makomo-sku1.dtb
  DTC     arch/arm64/boot/dts/freescale/imx8mp-data-modul-edm-sbc.dtb
  DTC     arch/arm64/boot/dts/mediatek/mt8183-kukui-jacuzzi-pico.dtb
  UPD     include/generated/asm-offsets.h
  CALL    scripts/checksyscalls.sh
  DTC     arch/arm64/boot/dts/freescale/imx8mp-debix-model-a.dtb
  DTC     arch/arm64/boot/dts/mediatek/mt8183-kukui-jacuzzi-pico6.dtb
  DTC     arch/arm64/boot/dts/nvidia/tegra234-p3740-0002+p3701-0008.dtb
  DTC     arch/arm64/boot/dts/freescale/imx8mp-debix-som-a-bmb-08.dtb
  DTC     arch/arm64/boot/dts/freescale/imx8mp-dhcom-pdk2.dtb
  DTC     arch/arm64/boot/dts/nvidia/tegra234-p3768-0000+p3767-0000.dtb
  DTC     arch/arm64/boot/dts/mediatek/mt8183-kukui-jacuzzi-willow-sku0.dtb
  DTC     arch/arm64/boot/dts/freescale/imx8mp-dhcom-pdk3.dtb
  DTC     arch/arm64/boot/dts/mediatek/mt8183-kukui-jacuzzi-willow-sku1.dtb
  DTC     arch/arm64/boot/dts/nvidia/tegra234-p3768-0000+p3767-0005.dtb
  DTC     arch/arm64/boot/dts/freescale/imx8mp-evk.dtb
  DTC     arch/arm64/boot/dts/qcom/apq8016-sbc.dtb
  DTC     arch/arm64/boot/dts/mediatek/mt8183-kukui-kakadu.dtb
  DTC     arch/arm64/boot/dts/freescale/imx8mp-icore-mx8mp-edimm2.2.dtb
  DTC     arch/arm64/boot/dts/freescale/imx8mp-msc-sm2s-ep1.dtb
  DTC     arch/arm64/boot/dts/qcom/apq8016-sbc-usb-host.dtbo
  DTC     arch/arm64/boot/dts/mediatek/mt8183-kukui-kakadu-sku22.dtb
  DTC     arch/arm64/boot/dts/qcom/apq8016-sbc-d3-camera-mezzanine.dtb
  LDS     arch/arm64/kernel/vdso/vdso.lds
  DTC     arch/arm64/boot/dts/freescale/imx8mp-phyboard-pollux-rdk.dtb
  DTC     arch/arm64/boot/dts/mediatek/mt8183-kukui-katsu-sku32.dtb
  DTC     arch/arm64/boot/dts/qcom/apq8039-t2.dtb
  CC      arch/arm64/kernel/vdso/vgettimeofday.o
  DTC     arch/arm64/boot/dts/freescale/imx8mp-skov-revb-hdmi.dtb
  DTC     arch/arm64/boot/dts/mediatek/mt8183-kukui-katsu-sku38.dtb
  DTC     arch/arm64/boot/dts/qcom/apq8094-sony-xperia-kitakami-karin_windy.dtb
  DTC     arch/arm64/boot/dts/freescale/imx8mp-skov-revb-lt6.dtb
  DTC     arch/arm64/boot/dts/qcom/apq8096-db820c.dtb
  DTC     arch/arm64/boot/dts/mediatek/mt8183-kukui-kodama-sku16.dtb
  DTC     arch/arm64/boot/dts/freescale/imx8mp-skov-revb-mi1010ait-1cp1.dtb
  DTC     arch/arm64/boot/dts/mediatek/mt8183-kukui-kodama-sku272.dtb
  DTC     arch/arm64/boot/dts/freescale/imx8mp-tqma8mpql-mba8mpxl.dtb
  DTC     arch/arm64/boot/dts/qcom/apq8096-ifc6640.dtb
  AS      arch/arm64/kernel/vdso/note.o
  DTC     arch/arm64/boot/dts/mediatek/mt8183-kukui-kodama-sku288.dtb
  DTC     arch/arm64/boot/dts/freescale/imx8mp-venice-gw71xx-2x.dtb
  DTC     arch/arm64/boot/dts/qcom/ipq5018-rdp432-c2.dtb
  AS      arch/arm64/kernel/vdso/sigreturn.o
  DTC     arch/arm64/boot/dts/mediatek/mt8183-kukui-kodama-sku32.dtb
  DTC     arch/arm64/boot/dts/freescale/imx8mp-venice-gw72xx-2x.dtb
  DTC     arch/arm64/boot/dts/qcom/ipq5332-rdp441.dtb
  LD      arch/arm64/kernel/vdso/vdso.so.dbg
  DTC     arch/arm64/boot/dts/qcom/ipq5332-rdp442.dtb
  DTC     arch/arm64/boot/dts/mediatek/mt8183-kukui-krane-sku0.dtb
  DTC     arch/arm64/boot/dts/freescale/imx8mp-venice-gw73xx-2x.dtb
  DTC     arch/arm64/boot/dts/qcom/ipq5332-rdp468.dtb
  VDSOSYM include/generated/vdso-offsets.h
  OBJCOPY arch/arm64/kernel/vdso/vdso.so
  DTC     arch/arm64/boot/dts/mediatek/mt8183-kukui-krane-sku176.dtb
  DTC     arch/arm64/boot/dts/freescale/imx8mp-venice-gw74xx.dtb
  DTC     arch/arm64/boot/dts/qcom/ipq5332-rdp474.dtb
  DTC     arch/arm64/boot/dts/realtek/rtd1293-ds418j.dtb
  DTC     arch/arm64/boot/dts/qcom/ipq6018-cp01-c1.dtb
  DTC     arch/arm64/boot/dts/realtek/rtd1295-mele-v9.dtb
  DTC     arch/arm64/boot/dts/mediatek/mt8183-pumpkin.dtb
  DTC     arch/arm64/boot/dts/freescale/imx8mp-venice-gw7905-2x.dtb
  DTC     arch/arm64/boot/dts/realtek/rtd1295-probox2-ava.dtb
  DTC     arch/arm64/boot/dts/qcom/ipq8074-hk01.dtb
  DTC     arch/arm64/boot/dts/realtek/rtd1295-xnano-x5.dtb
  DTC     arch/arm64/boot/dts/freescale/imx8mp-verdin-nonwifi-dahlia.dtb
  DTC     arch/arm64/boot/dts/realtek/rtd1295-zidoo-x9s.dtb
  DTC     arch/arm64/boot/dts/qcom/ipq8074-hk10-c1.dtb
  DTC     arch/arm64/boot/dts/realtek/rtd1296-ds418.dtb
  DTC     arch/arm64/boot/dts/mediatek/mt8186-evb.dtb
  DTC     arch/arm64/boot/dts/freescale/imx8mp-verdin-nonwifi-dev.dtb
  DTC     arch/arm64/boot/dts/qcom/ipq8074-hk10-c2.dtb
  DTC     arch/arm64/boot/dts/realtek/rtd1395-bpi-m4.dtb
  DTC     arch/arm64/boot/dts/qcom/ipq9574-rdp418.dtb
  DTC     arch/arm64/boot/dts/realtek/rtd1395-lionskin.dtb
  DTC     arch/arm64/boot/dts/mediatek/mt8188-evb.dtb
  DTC     arch/arm64/boot/dts/realtek/rtd1619-mjolnir.dtb
  DTC     arch/arm64/boot/dts/qcom/ipq9574-rdp433.dtb
  DTC     arch/arm64/boot/dts/mediatek/mt8192-asurada-hayato-r1.dtb
  DTC     arch/arm64/boot/dts/freescale/imx8mp-verdin-nonwifi-mallow.dtb
  DTC     arch/arm64/boot/dts/qcom/ipq9574-rdp449.dtb
  DTC     arch/arm64/boot/dts/freescale/imx8mp-verdin-nonwifi-yavia.dtb
  DTC     arch/arm64/boot/dts/qcom/ipq9574-rdp453.dtb
  DTC     arch/arm64/boot/dts/freescale/imx8mp-verdin-wifi-dahlia.dtb
  DTC     arch/arm64/boot/dts/qcom/ipq9574-rdp454.dtb
  GEN     scripts/gdb/linux/constants.py
  DTC     arch/arm64/boot/dts/qcom/msm8916-acer-a1-724.dtb
  DTC     arch/arm64/boot/dts/mediatek/mt8192-asurada-hayato-r5-sku2.dtb
  DTC     arch/arm64/boot/dts/freescale/imx8mp-verdin-wifi-dev.dtb
  DTC     arch/arm64/boot/dts/qcom/msm8916-alcatel-idol347.dtb
  DTC     arch/arm64/boot/dts/mediatek/mt8192-asurada-spherion-r0.dtb
  DTC     arch/arm64/boot/dts/freescale/imx8mp-verdin-wifi-mallow.dtb
  DTC     arch/arm64/boot/dts/qcom/msm8916-asus-z00l.dtb
  DTC     arch/arm64/boot/dts/freescale/imx8mp-verdin-wifi-yavia.dtb
  DTC     arch/arm64/boot/dts/mediatek/mt8192-asurada-spherion-r4.dtb
  DTC     arch/arm64/boot/dts/qcom/msm8916-gplus-fl8005a.dtb
  DTC     arch/arm64/boot/dts/freescale/imx8mp-tqma8mpql-mba8mpxl-lvds.dtbo
  DTC     arch/arm64/boot/dts/qcom/msm8916-huawei-g7.dtb
  DTC     arch/arm64/boot/dts/mediatek/mt8192-evb.dtb
  DTC     arch/arm64/boot/dts/freescale/imx8mp-tqma8mpql-mba8mpxl-lvds-g133han01.dtbo
  DTC     arch/arm64/boot/dts/freescale/imx8mq-evk.dtb
  DTC     arch/arm64/boot/dts/qcom/msm8916-longcheer-l8150.dtb
  DTC     arch/arm64/boot/dts/mediatek/mt8195-cherry-tomato-r1.dtb
  DTC     arch/arm64/boot/dts/qcom/msm8916-longcheer-l8910.dtb
  DTC     arch/arm64/boot/dts/freescale/imx8mq-hummingboard-pulse.dtb
  DTC     arch/arm64/boot/dts/qcom/msm8916-mtp.dtb
  DTC     arch/arm64/boot/dts/mediatek/mt8195-cherry-tomato-r2.dtb
  DTC     arch/arm64/boot/dts/freescale/imx8mq-kontron-pitx-imx8m.dtb
  DTC     arch/arm64/boot/dts/qcom/msm8916-samsung-a3u-eur.dtb
  DTC     arch/arm64/boot/dts/qcom/msm8916-samsung-a5u-eur.dtb
  DTC     arch/arm64/boot/dts/freescale/imx8mq-librem5-devkit.dtb
  DTC     arch/arm64/boot/dts/mediatek/mt8195-cherry-tomato-r3.dtb
  DTC     arch/arm64/boot/dts/freescale/imx8mq-librem5-r2.dtb
  DTC     arch/arm64/boot/dts/qcom/msm8916-samsung-e5.dtb
  DTC     arch/arm64/boot/dts/freescale/imx8mq-librem5-r3.dtb
  DTC     arch/arm64/boot/dts/qcom/msm8916-samsung-e7.dtb
  CC      init/main.o
  DTC     arch/arm64/boot/dts/freescale/imx8mq-librem5-r4.dtb
  DTC     arch/arm64/boot/dts/mediatek/mt8195-demo.dtb
  DTC     arch/arm64/boot/dts/qcom/msm8916-samsung-grandmax.dtb
  DTC     arch/arm64/boot/dts/freescale/imx8mq-tqma8mq-mba8mx.dtb
  DTC     arch/arm64/boot/dts/qcom/msm8916-samsung-gt510.dtb
  DTC     arch/arm64/boot/dts/freescale/imx8mq-mnt-reform2.dtb
  DTC     arch/arm64/boot/dts/mediatek/mt8195-evb.dtb
  DTC     arch/arm64/boot/dts/qcom/msm8916-samsung-gt58.dtb
  DTC     arch/arm64/boot/dts/freescale/imx8mq-nitrogen.dtb
  DTC     arch/arm64/boot/dts/mediatek/mt8365-evk.dtb
  DTC     arch/arm64/boot/dts/qcom/msm8916-samsung-j5.dtb
  DTC     arch/arm64/boot/dts/freescale/imx8mq-phanbell.dtb
  DTC     arch/arm64/boot/dts/mediatek/mt8395-genio-1200-evk.dtb
  DTC     arch/arm64/boot/dts/freescale/imx8mq-pico-pi.dtb
  DTC     arch/arm64/boot/dts/freescale/imx8mq-thor96.dtb
  DTC     arch/arm64/boot/dts/qcom/msm8916-samsung-j5x.dtb
  DTC     arch/arm64/boot/dts/freescale/imx8mq-zii-ultra-rmb3.dtb
  DTC     arch/arm64/boot/dts/mediatek/mt8516-pumpkin.dtb
  DTC     arch/arm64/boot/dts/freescale/imx8mq-zii-ultra-zest.dtb
  DTC     arch/arm64/boot/dts/qcom/msm8916-samsung-serranove.dtb
  DTC     arch/arm64/boot/dts/renesas/r8a774a1-beacon-rzg2m-kit.dtb
  DTC     arch/arm64/boot/dts/freescale/imx8mq-tqma8mq-mba8mx-lvds-tm070jvhg33.dtbo
  DTC     arch/arm64/boot/dts/freescale/imx8qm-apalis-eval.dtb
  DTC     arch/arm64/boot/dts/qcom/msm8916-thwc-uf896.dtb
  DTC     arch/arm64/boot/dts/renesas/r8a774a1-hihope-rzg2m.dtb
  DTC     arch/arm64/boot/dts/freescale/imx8qm-apalis-ixora-v1.1.dtb
  DTC     arch/arm64/boot/dts/qcom/msm8916-thwc-ufi001c.dtb
  DTC     arch/arm64/boot/dts/renesas/r8a774a1-hihope-rzg2m-ex.dtb
  DTC     arch/arm64/boot/dts/freescale/imx8qm-apalis-v1.1-eval.dtb
  DTC     arch/arm64/boot/dts/qcom/msm8916-wingtech-wt88047.dtb
  DTC     arch/arm64/boot/dts/freescale/imx8qm-apalis-v1.1-ixora-v1.1.dtb
  DTC     arch/arm64/boot/dts/renesas/r8a774a1-hihope-rzg2m-ex-idk-1110wr.dtb
  DTC     arch/arm64/boot/dts/qcom/msm8916-yiming-uz801v3.dtb
  DTC     arch/arm64/boot/dts/freescale/imx8qm-apalis-v1.1-ixora-v1.2.dtb
  DTC     arch/arm64/boot/dts/renesas/r8a774a1-hihope-rzg2m-ex-mipi-2.1.dtb
  DTC     arch/arm64/boot/dts/freescale/imx8qm-mek.dtb
  DTC     arch/arm64/boot/dts/qcom/msm8939-huawei-kiwi.dtb
  DTC     arch/arm64/boot/dts/freescale/imx8qxp-ai_ml.dtb
  DTC     arch/arm64/boot/dts/renesas/r8a774a1-hihope-rzg2m-rev2.dtb
  DTC     arch/arm64/boot/dts/qcom/msm8939-longcheer-l9100.dtb
  DTC     arch/arm64/boot/dts/renesas/r8a774a1-hihope-rzg2m-rev2-ex.dtb
  DTC     arch/arm64/boot/dts/freescale/imx8qxp-colibri-aster.dtb
  DTC     arch/arm64/boot/dts/qcom/msm8939-samsung-a7.dtb
  DTC     arch/arm64/boot/dts/renesas/r8a774a1-hihope-rzg2m-rev2-ex-idk-1110wr.dtb
  DTC     arch/arm64/boot/dts/freescale/imx8qxp-colibri-eval-v3.dtb
  DTC     arch/arm64/boot/dts/qcom/msm8939-sony-xperia-kanuti-tulip.dtb
  DTC     arch/arm64/boot/dts/renesas/r8a774b1-beacon-rzg2n-kit.dtb
  DTC     arch/arm64/boot/dts/freescale/imx8qxp-colibri-iris.dtb
  DTC     arch/arm64/boot/dts/qcom/msm8953-motorola-potter.dtb
  DTC     arch/arm64/boot/dts/freescale/imx8qxp-colibri-iris-v2.dtb
  DTC     arch/arm64/boot/dts/renesas/r8a774b1-hihope-rzg2n.dtb
  DTC     arch/arm64/boot/dts/freescale/imx8qxp-mek.dtb
  DTC     arch/arm64/boot/dts/qcom/msm8953-xiaomi-daisy.dtb
  DTC     arch/arm64/boot/dts/renesas/r8a774b1-hihope-rzg2n-ex.dtb
  DTC     arch/arm64/boot/dts/freescale/imx8ulp-evk.dtb
  DTC     arch/arm64/boot/dts/qcom/msm8953-xiaomi-mido.dtb
  DTC     arch/arm64/boot/dts/renesas/r8a774b1-hihope-rzg2n-ex-idk-1110wr.dtb
  DTC     arch/arm64/boot/dts/freescale/imx93-11x11-evk.dtb
  DTC     arch/arm64/boot/dts/qcom/msm8953-xiaomi-tissot.dtb
  DTC     arch/arm64/boot/dts/renesas/r8a774b1-hihope-rzg2n-ex-mipi-2.1.dtb
  DTC     arch/arm64/boot/dts/freescale/imx93-tqma9352-mba93xxca.dtb
  DTC     arch/arm64/boot/dts/renesas/r8a774b1-hihope-rzg2n-rev2.dtb
  DTC     arch/arm64/boot/dts/freescale/imx93-tqma9352-mba93xxla.dtb
  DTC     arch/arm64/boot/dts/renesas/r8a774b1-hihope-rzg2n-rev2-ex.dtb
  DTC     arch/arm64/boot/dts/freescale/imx8mm-venice-gw72xx-0x-imx219.dtbo
  DTC     arch/arm64/boot/dts/freescale/imx8mm-venice-gw72xx-0x-rpidsi.dtbo
  DTC     arch/arm64/boot/dts/qcom/msm8953-xiaomi-vince.dtb
  DTC     arch/arm64/boot/dts/renesas/r8a774b1-hihope-rzg2n-rev2-ex-idk-1110wr.dtb
  DTC     arch/arm64/boot/dts/qcom/msm8956-sony-xperia-loire-kugo.dtb
  DTC     arch/arm64/boot/dts/renesas/r8a774c0-cat874.dtb
  DTC     arch/arm64/boot/dts/freescale/imx8mm-venice-gw72xx-0x-rs232-rts.dtbo
  DTC     arch/arm64/boot/dts/freescale/imx8mm-venice-gw72xx-0x-rs422.dtbo
  DTC     arch/arm64/boot/dts/qcom/msm8956-sony-xperia-loire-suzu.dtb
  DTC     arch/arm64/boot/dts/freescale/imx8mm-venice-gw72xx-0x-rs485.dtbo
  DTC     arch/arm64/boot/dts/renesas/r8a774c0-ek874.dtb
  DTC     arch/arm64/boot/dts/freescale/imx8mm-venice-gw73xx-0x-imx219.dtbo
  DTC     arch/arm64/boot/dts/qcom/msm8992-lg-bullhead-rev-10.dtb
  DTC     arch/arm64/boot/dts/freescale/imx8mm-venice-gw73xx-0x-rpidsi.dtbo
  DTC     arch/arm64/boot/dts/renesas/r8a774c0-ek874-idk-2121wr.dtb
  DTC     arch/arm64/boot/dts/freescale/imx8mm-venice-gw73xx-0x-rs232-rts.dtbo
  DTC     arch/arm64/boot/dts/qcom/msm8992-lg-bullhead-rev-101.dtb
  DTC     arch/arm64/boot/dts/freescale/imx8mm-venice-gw73xx-0x-rs422.dtbo
  DTC     arch/arm64/boot/dts/renesas/r8a774c0-ek874-mipi-2.1.dtb
  DTC     arch/arm64/boot/dts/freescale/imx8mm-venice-gw73xx-0x-rs485.dtbo
  DTC     arch/arm64/boot/dts/qcom/msm8992-msft-lumia-octagon-talkman.dtb
  DTC     arch/arm64/boot/dts/renesas/r8a774e1-beacon-rzg2h-kit.dtb
  DTC     arch/arm64/boot/dts/freescale/imx8mp-venice-gw74xx-imx219.dtbo
  DTC     arch/arm64/boot/dts/qcom/msm8992-xiaomi-libra.dtb
  DTC     arch/arm64/boot/dts/renesas/r8a774e1-hihope-rzg2h.dtb
  DTC     arch/arm64/boot/dts/freescale/imx8mp-venice-gw74xx-rpidsi.dtbo
  DTC     arch/arm64/boot/dts/qcom/msm8994-huawei-angler-rev-101.dtb
  DTC     arch/arm64/boot/dts/freescale/s32g274a-evb.dtb
  DTC     arch/arm64/boot/dts/renesas/r8a774e1-hihope-rzg2h-ex.dtb
  DTC     arch/arm64/boot/dts/freescale/s32g274a-rdb2.dtb
  DTC     arch/arm64/boot/dts/qcom/msm8994-msft-lumia-octagon-cityman.dtb
  DTC     arch/arm64/boot/dts/freescale/s32v234-evb.dtb
  DTC     arch/arm64/boot/dts/renesas/r8a774e1-hihope-rzg2h-ex-idk-1110wr.dtb
  DTOVL   arch/arm64/boot/dts/freescale/fsl-ls1028a-qds-13bb.dtb
  DTOVL   arch/arm64/boot/dts/freescale/fsl-ls1028a-qds-65bb.dtb
  DTOVL   arch/arm64/boot/dts/freescale/fsl-ls1028a-qds-7777.dtb
  DTC     arch/arm64/boot/dts/qcom/msm8994-sony-xperia-kitakami-ivy.dtb
  DTOVL   arch/arm64/boot/dts/freescale/fsl-ls1028a-qds-85bb.dtb
  DTOVL   arch/arm64/boot/dts/freescale/fsl-ls1028a-qds-899b.dtb
  DTOVL   arch/arm64/boot/dts/freescale/fsl-ls1028a-qds-9999.dtb
  DTOVL   arch/arm64/boot/dts/freescale/fsl-lx2160a-tqmlx2160a-mblx2160a-12-11-x.dtb
  DTC     arch/arm64/boot/dts/qcom/msm8994-sony-xperia-kitakami-karin.dtb
  DTOVL   arch/arm64/boot/dts/freescale/fsl-lx2160a-tqmlx2160a-mblx2160a-12-8-x.dtb
  DTOVL   arch/arm64/boot/dts/freescale/fsl-lx2160a-tqmlx2160a-mblx2160a-12-7-x.dtb
  DTC     arch/arm64/boot/dts/renesas/r8a774e1-hihope-rzg2h-ex-mipi-2.1.dtb
  DTOVL   arch/arm64/boot/dts/freescale/fsl-lx2160a-tqmlx2160a-mblx2160a-14-11-x.dtb
  DTOVL   arch/arm64/boot/dts/freescale/fsl-lx2160a-tqmlx2160a-mblx2160a-14-8-x.dtb
  DTOVL   arch/arm64/boot/dts/freescale/fsl-lx2160a-tqmlx2160a-mblx2160a-14-7-x.dtb
  DTOVL   arch/arm64/boot/dts/freescale/imx8mm-tqma8mqml-mba8mx-lvds-tm070jvhg33.dtb
  DTOVL   arch/arm64/boot/dts/freescale/imx8mn-tqma8mqnl-mba8mx-lvds-tm070jvhg33.dtb
  DTC     arch/arm64/boot/dts/renesas/r8a77951-salvator-x.dtb
  DTOVL   arch/arm64/boot/dts/freescale/imx8mp-tqma8mpql-mba8mpxl-lvds.dtb
  DTC     arch/arm64/boot/dts/qcom/msm8994-sony-xperia-kitakami-satsuki.dtb
  DTOVL   arch/arm64/boot/dts/freescale/imx8mp-tqma8mpql-mba8mpxl-lvds-g133han01.dtb
  DTOVL   arch/arm64/boot/dts/freescale/imx8mq-tqma8mq-mba8mx-lvds-tm070jvhg33.dtb
  DTOVL   arch/arm64/boot/dts/freescale/imx8mm-venice-gw72xx-0x-imx219.dtb
  DTC     arch/arm64/boot/dts/qcom/msm8994-sony-xperia-kitakami-sumire.dtb
  DTOVL   arch/arm64/boot/dts/freescale/imx8mm-venice-gw72xx-0x-rpidsi.dtb
  DTC     arch/arm64/boot/dts/renesas/salvator-panel-aa104xd12.dtbo
  DTC     arch/arm64/boot/dts/qcom/msm8994-sony-xperia-kitakami-suzuran.dtb
  DTOVL   arch/arm64/boot/dts/freescale/imx8mm-venice-gw72xx-0x-rs232-rts.dtb
  DTOVL   arch/arm64/boot/dts/freescale/imx8mm-venice-gw72xx-0x-rs422.dtb
  DTC     arch/arm64/boot/dts/renesas/r8a77951-salvator-xs.dtb
  DTOVL   arch/arm64/boot/dts/freescale/imx8mm-venice-gw72xx-0x-rs485.dtb
  DTOVL   arch/arm64/boot/dts/freescale/imx8mm-venice-gw73xx-0x-imx219.dtb
  DTOVL   arch/arm64/boot/dts/freescale/imx8mm-venice-gw73xx-0x-rpidsi.dtb
  DTOVL   arch/arm64/boot/dts/freescale/imx8mm-venice-gw73xx-0x-rs232-rts.dtb
  DTOVL   arch/arm64/boot/dts/freescale/imx8mm-venice-gw73xx-0x-rs422.dtb
  DTC     arch/arm64/boot/dts/qcom/msm8996-mtp.dtb
  DTOVL   arch/arm64/boot/dts/freescale/imx8mm-venice-gw73xx-0x-rs485.dtb
  DTOVL   arch/arm64/boot/dts/freescale/imx8mp-venice-gw74xx-imx219.dtb
  DTOVL   arch/arm64/boot/dts/freescale/imx8mp-venice-gw74xx-rpidsi.dtb
  DTC     arch/arm64/boot/dts/qcom/msm8996-oneplus3.dtb
  LDS     scripts/module.lds
  DTC     arch/arm64/boot/dts/renesas/r8a77951-ulcb.dtb
  DTC     arch/arm64/boot/dts/qcom/msm8996-oneplus3t.dtb
  DTC     arch/arm64/boot/dts/qcom/msm8996-sony-xperia-tone-dora.dtb
  DTC     arch/arm64/boot/dts/renesas/r8a77951-ulcb-kf.dtb
  HOSTCC  usr/gen_init_cpio
  DTC     arch/arm64/boot/dts/qcom/msm8996-sony-xperia-tone-kagura.dtb
  DTC     arch/arm64/boot/dts/renesas/r8a77960-salvator-x.dtb
  DTC     arch/arm64/boot/dts/renesas/r8a77960-salvator-xs.dtb
  DTC     arch/arm64/boot/dts/qcom/msm8996-sony-xperia-tone-keyaki.dtb
  DTC     arch/arm64/boot/dts/renesas/r8a77960-ulcb.dtb
  DTC     arch/arm64/boot/dts/renesas/r8a77960-ulcb-kf.dtb
  DTC     arch/arm64/boot/dts/qcom/msm8996-xiaomi-gemini.dtb
  DTC     arch/arm64/boot/dts/renesas/r8a77961-salvator-xs.dtb
  DTC     arch/arm64/boot/dts/qcom/msm8996pro-xiaomi-natrium.dtb
  DTC     arch/arm64/boot/dts/qcom/msm8996pro-xiaomi-scorpio.dtb
  GEN     usr/initramfs_data.cpio
  COPY    usr/initramfs_inc_data
  AS      usr/initramfs_data.o
  DTC     arch/arm64/boot/dts/renesas/r8a77961-ulcb.dtb
  AR      usr/built-in.a
  DTC     arch/arm64/boot/dts/qcom/msm8998-asus-novago-tp370ql.dtb
  DTC     arch/arm64/boot/dts/renesas/r8a77961-ulcb-kf.dtb
  DTC     arch/arm64/boot/dts/renesas/r8a77965-salvator-x.dtb
  DTC     arch/arm64/boot/dts/qcom/msm8998-fxtec-pro1.dtb
  DTC     arch/arm64/boot/dts/rockchip/px30-evb.dtb
  DTC     arch/arm64/boot/dts/renesas/r8a77965-salvator-xs.dtb
  DTC     arch/arm64/boot/dts/qcom/msm8998-hp-envy-x2.dtb
  DTC     arch/arm64/boot/dts/rockchip/px30-engicam-px30-core-ctouch2.dtb
  DTC     arch/arm64/boot/dts/rockchip/px30-engicam-px30-core-ctouch2-of10.dtb
  DTC     arch/arm64/boot/dts/qcom/msm8998-lenovo-miix-630.dtb
  DTC     arch/arm64/boot/dts/renesas/r8a77965-ulcb.dtb
  DTC     arch/arm64/boot/dts/rockchip/px30-engicam-px30-core-edimm2.2.dtb
  DTC     arch/arm64/boot/dts/qcom/msm8998-mtp.dtb
  DTC     arch/arm64/boot/dts/renesas/r8a77965-ulcb-kf.dtb
  DTC     arch/arm64/boot/dts/rockchip/px30-ringneck-haikou.dtb
  DTC     arch/arm64/boot/dts/qcom/msm8998-oneplus-cheeseburger.dtb
  DTC     arch/arm64/boot/dts/renesas/r8a77970-eagle.dtb
  DTC     arch/arm64/boot/dts/rockchip/rk3308-evb.dtb
  DTC     arch/arm64/boot/dts/qcom/msm8998-oneplus-dumpling.dtb
  DTC     arch/arm64/boot/dts/renesas/r8a77970-v3msk.dtb
  DTC     arch/arm64/boot/dts/rockchip/rk3308-roc-cc.dtb
  DTC     arch/arm64/boot/dts/renesas/r8a77980-condor.dtb
  DTC     arch/arm64/boot/dts/qcom/msm8998-sony-xperia-yoshino-lilac.dtb
  DTC     arch/arm64/boot/dts/rockchip/rk3308-rock-pi-s.dtb
  DTC     arch/arm64/boot/dts/renesas/r8a77980-v3hsk.dtb
  DTC     arch/arm64/boot/dts/rockchip/rk3318-a95x-z2.dtb
  DTC     arch/arm64/boot/dts/qcom/msm8998-sony-xperia-yoshino-maple.dtb
  DTC     arch/arm64/boot/dts/renesas/r8a77980a-condor-i.dtb
  DTC     arch/arm64/boot/dts/rockchip/rk3326-anbernic-rg351m.dtb
  DTC     arch/arm64/boot/dts/renesas/r8a77990-ebisu.dtb
  DTC     arch/arm64/boot/dts/qcom/msm8998-sony-xperia-yoshino-poplar.dtb
  DTC     arch/arm64/boot/dts/rockchip/rk3326-anbernic-rg351v.dtb
  DTC     arch/arm64/boot/dts/renesas/draak-ebisu-panel-aa104xd12.dtbo
  DTC     arch/arm64/boot/dts/rockchip/rk3326-odroid-go2.dtb
  DTC     arch/arm64/boot/dts/renesas/r8a77995-draak.dtb
  DTC     arch/arm64/boot/dts/qcom/msm8998-xiaomi-sagit.dtb
  DTC     arch/arm64/boot/dts/renesas/r8a779a0-falcon.dtb
  DTC     arch/arm64/boot/dts/rockchip/rk3326-odroid-go2-v11.dtb
  DTC     arch/arm64/boot/dts/qcom/qcm6490-fairphone-fp5.dtb
  DTC     arch/arm64/boot/dts/renesas/r8a779f0-spider.dtb
  DTC     arch/arm64/boot/dts/rockchip/rk3326-odroid-go3.dtb
  DTC     arch/arm64/boot/dts/renesas/r8a779f4-s4sk.dtb
  DTC     arch/arm64/boot/dts/renesas/r8a779g0-white-hawk.dtb
  DTC     arch/arm64/boot/dts/rockchip/rk3328-a1.dtb
  DTC     arch/arm64/boot/dts/rockchip/rk3328-evb.dtb
  DTC     arch/arm64/boot/dts/renesas/r8a779g0-white-hawk-ard-audio-da7212.dtbo
  DTC     arch/arm64/boot/dts/renesas/r8a779m1-salvator-xs.dtb
  DTC     arch/arm64/boot/dts/rockchip/rk3328-nanopi-r2c.dtb
  DTC     arch/arm64/boot/dts/qcom/qcm6490-idp.dtb
  DTC     arch/arm64/boot/dts/rockchip/rk3328-nanopi-r2c-plus.dtb
  UPD     init/utsversion-tmp.h
  CC      init/do_mounts.o
  DTC     arch/arm64/boot/dts/renesas/r8a779m1-ulcb.dtb
  DTC     arch/arm64/boot/dts/rockchip/rk3328-nanopi-r2s.dtb
  DTC     arch/arm64/boot/dts/qcom/qcs404-evb-1000.dtb
  DTC     arch/arm64/boot/dts/rockchip/rk3328-orangepi-r1-plus.dtb
  DTC     arch/arm64/boot/dts/renesas/r8a779m1-ulcb-kf.dtb
  DTC     arch/arm64/boot/dts/rockchip/rk3328-orangepi-r1-plus-lts.dtb
  DTC     arch/arm64/boot/dts/qcom/qcs404-evb-4000.dtb
  DTC     arch/arm64/boot/dts/rockchip/rk3328-rock64.dtb
  DTC     arch/arm64/boot/dts/renesas/r8a779m3-salvator-xs.dtb
  DTC     arch/arm64/boot/dts/qcom/qcs6490-rb3gen2.dtb
  DTC     arch/arm64/boot/dts/rockchip/rk3328-rock-pi-e.dtb
  DTC     arch/arm64/boot/dts/renesas/r8a779m3-ulcb.dtb
  DTC     arch/arm64/boot/dts/rockchip/rk3328-roc-cc.dtb
  DTC     arch/arm64/boot/dts/renesas/r8a779m3-ulcb-kf.dtb
  DTC     arch/arm64/boot/dts/rockchip/rk3328-roc-pc.dtb
  DTC     arch/arm64/boot/dts/qcom/qdu1000-idp.dtb
  DTC     arch/arm64/boot/dts/rockchip/rk3368-evb-act8846.dtb
  DTC     arch/arm64/boot/dts/renesas/r8a779m5-salvator-xs.dtb
  DTC     arch/arm64/boot/dts/rockchip/rk3368-geekbox.dtb
  DTC     arch/arm64/boot/dts/qcom/qrb2210-rb1.dtb
  DTC     arch/arm64/boot/dts/rockchip/rk3368-lion-haikou.dtb
  DTC     arch/arm64/boot/dts/renesas/r9a07g043u11-smarc.dtb
  DTC     arch/arm64/boot/dts/rockchip/rk3368-orion-r68-meta.dtb
  DTC     arch/arm64/boot/dts/qcom/qrb4210-rb2.dtb
  DTC     arch/arm64/boot/dts/renesas/r9a07g043-smarc-pmod.dtbo
  DTC     arch/arm64/boot/dts/renesas/r9a07g044c2-smarc.dtb
  DTC     arch/arm64/boot/dts/rockchip/rk3368-px5-evb.dtb
  DTC     arch/arm64/boot/dts/renesas/r9a07g044c2-smarc-cru-csi-ov5645.dtbo
  DTC     arch/arm64/boot/dts/qcom/qrb5165-rb5.dtb
  DTC     arch/arm64/boot/dts/rockchip/rk3368-r88.dtb
  DTC     arch/arm64/boot/dts/renesas/r9a07g044l2-smarc.dtb
  DTC     arch/arm64/boot/dts/rockchip/rk3399-eaidk-610.dtb
  DTC     arch/arm64/boot/dts/renesas/r9a07g044l2-smarc-cru-csi-ov5645.dtbo
  DTC     arch/arm64/boot/dts/renesas/r9a07g054l2-smarc.dtb
  DTC     arch/arm64/boot/dts/renesas/r9a07g054l2-smarc-cru-csi-ov5645.dtbo
  DTC     arch/arm64/boot/dts/rockchip/rk3399-evb.dtb
  DTC     arch/arm64/boot/dts/renesas/r9a08g045s33-smarc.dtb
  DTC     arch/arm64/boot/dts/qcom/qrb5165-rb5-vision-mezzanine.dtb
  DTC     arch/arm64/boot/dts/rockchip/rk3399-ficus.dtb
  DTC     arch/arm64/boot/dts/renesas/r9a09g011-v2mevk2.dtb
  DTOVL   arch/arm64/boot/dts/renesas/r8a77951-salvator-x-panel-aa104xd12.dtb
  DTOVL   arch/arm64/boot/dts/renesas/r8a77951-salvator-xs-panel-aa104xd12.dtb
  DTOVL   arch/arm64/boot/dts/renesas/r8a77960-salvator-x-panel-aa104xd12.dtb
  DTOVL   arch/arm64/boot/dts/renesas/r8a77960-salvator-xs-panel-aa104xd12.dtb
  DTC     arch/arm64/boot/dts/rockchip/rk3399-firefly.dtb
  DTOVL   arch/arm64/boot/dts/renesas/r8a77961-salvator-xs-panel-aa104xd12.dtb
  DTOVL   arch/arm64/boot/dts/renesas/r8a77965-salvator-x-panel-aa104xd12.dtb
  DTOVL   arch/arm64/boot/dts/renesas/r8a77965-salvator-xs-panel-aa104xd12.dtb
  DTOVL   arch/arm64/boot/dts/renesas/r8a77990-ebisu-panel-aa104xd12.dtb
  DTOVL   arch/arm64/boot/dts/renesas/r8a77995-draak-panel-aa104xd12.dtb
  DTOVL   arch/arm64/boot/dts/renesas/r8a779g0-white-hawk-ard-audio-da7212.dtb
  DTOVL   arch/arm64/boot/dts/renesas/r8a779m1-salvator-xs-panel-aa104xd12.dtb
  DTOVL   arch/arm64/boot/dts/renesas/r8a779m3-salvator-xs-panel-aa104xd12.dtb
  DTOVL   arch/arm64/boot/dts/renesas/r8a779m5-salvator-xs-panel-aa104xd12.dtb
  DTC     arch/arm64/boot/dts/qcom/qru1000-idp.dtb
  DTOVL   arch/arm64/boot/dts/renesas/r9a07g043u11-smarc-pmod.dtb
  DTOVL   arch/arm64/boot/dts/renesas/r9a07g044c2-smarc-cru-csi-ov5645.dtb
  DTC     arch/arm64/boot/dts/rockchip/rk3399-gru-bob.dtb
  DTOVL   arch/arm64/boot/dts/renesas/r9a07g044l2-smarc-cru-csi-ov5645.dtb
  DTOVL   arch/arm64/boot/dts/renesas/r9a07g054l2-smarc-cru-csi-ov5645.dtb
  DTC     arch/arm64/boot/dts/qcom/sa8155p-adp.dtb
  DTC     arch/arm64/boot/dts/rockchip/rk3399-gru-kevin.dtb
  CC      arch/arm64/kernel/pi/kaslr_early.o
  DTC     arch/arm64/boot/dts/qcom/sa8295p-adp.dtb
  DTC     arch/arm64/boot/dts/rockchip/rk3399-gru-scarlet-dumo.dtb
  DTC     arch/arm64/boot/dts/qcom/sa8540p-ride.dtb
  DTC     arch/arm64/boot/dts/rockchip/rk3399-gru-scarlet-inx.dtb
  DTC     arch/arm64/boot/dts/qcom/sa8775p-ride.dtb
  DTC     arch/arm64/boot/dts/rockchip/rk3399-gru-scarlet-kd.dtb
  DTC     arch/arm64/boot/dts/qcom/sc7180-acer-aspire1.dtb
  CC      arch/arm64/kernel/pi/lib-fdt.o
  DTC     arch/arm64/boot/dts/rockchip/rk3399-hugsun-x99.dtb
  DTC     arch/arm64/boot/dts/qcom/sc7180-idp.dtb
  DTC     arch/arm64/boot/dts/rockchip/rk3399-khadas-edge.dtb
  DTC     arch/arm64/boot/dts/qcom/sc7180-trogdor-coachz-r1.dtb
  DTC     arch/arm64/boot/dts/rockchip/rk3399-khadas-edge-captain.dtb
  DTC     arch/arm64/boot/dts/rockchip/rk3399-khadas-edge-v.dtb
  DTC     arch/arm64/boot/dts/qcom/sc7180-trogdor-coachz-r1-lte.dtb
  DTC     arch/arm64/boot/dts/rockchip/rk3399-kobol-helios64.dtb
  DTC     arch/arm64/boot/dts/rockchip/rk3399-leez-p710.dtb
  DTC     arch/arm64/boot/dts/rockchip/rk3399-nanopc-t4.dtb
  DTC     arch/arm64/boot/dts/rockchip/rk3399-nanopi-m4.dtb
  CC      arch/arm64/kernel/pi/lib-fdt_ro.o
  DTC     arch/arm64/boot/dts/rockchip/rk3399-nanopi-m4b.dtb
  DTC     arch/arm64/boot/dts/qcom/sc7180-trogdor-coachz-r3.dtb
  DTC     arch/arm64/boot/dts/rockchip/rk3399-nanopi-neo4.dtb
  DTC     arch/arm64/boot/dts/rockchip/rk3399-nanopi-r4s.dtb
  DTC     arch/arm64/boot/dts/qcom/sc7180-trogdor-coachz-r3-lte.dtb
  DTC     arch/arm64/boot/dts/rockchip/rk3399-nanopi-r4s-enterprise.dtb
  DTC     arch/arm64/boot/dts/rockchip/rk3399-orangepi.dtb
  DTC     arch/arm64/boot/dts/qcom/sc7180-trogdor-homestar-r2.dtb
  DTC     arch/arm64/boot/dts/rockchip/rk3399-pinebook-pro.dtb
  CC      init/do_mounts_initrd.o
  DTC     arch/arm64/boot/dts/rockchip/rk3399-pinephone-pro.dtb
  OBJCOPY arch/arm64/kernel/pi/kaslr_early.pi.o
  OBJCOPY arch/arm64/kernel/pi/lib-fdt.pi.o
  OBJCOPY arch/arm64/kernel/pi/lib-fdt_ro.pi.o
  AR      arch/arm64/kernel/pi/built-in.a
  CC      arch/arm64/kernel/probes/kprobes.o
  DTC     arch/arm64/boot/dts/rockchip/rk3399-puma-haikou.dtb
  DTC     arch/arm64/boot/dts/qcom/sc7180-trogdor-homestar-r3.dtb
  DTC     arch/arm64/boot/dts/rockchip/rk3399-roc-pc.dtb
  DTC     arch/arm64/boot/dts/qcom/sc7180-trogdor-homestar-r4.dtb
  DTC     arch/arm64/boot/dts/rockchip/rk3399-roc-pc-mezzanine.dtb
  DTC     arch/arm64/boot/dts/rockchip/rk3399-roc-pc-plus.dtb
  DTC     arch/arm64/boot/dts/qcom/sc7180-trogdor-kingoftown.dtb
  DTC     arch/arm64/boot/dts/rockchip/rk3399-rock-4c-plus.dtb
  DTC     arch/arm64/boot/dts/qcom/sc7180-trogdor-lazor-r1.dtb
  DTC     arch/arm64/boot/dts/rockchip/rk3399-rock-4se.dtb
  DTC     arch/arm64/boot/dts/rockchip/rk3399-rock-pi-4a.dtb
  DTC     arch/arm64/boot/dts/qcom/sc7180-trogdor-lazor-r1-kb.dtb
  DTC     arch/arm64/boot/dts/rockchip/rk3399-rock-pi-4a-plus.dtb
  DTC     arch/arm64/boot/dts/qcom/sc7180-trogdor-lazor-r1-lte.dtb
  DTC     arch/arm64/boot/dts/rockchip/rk3399-rock-pi-4b.dtb
  DTC     arch/arm64/boot/dts/rockchip/rk3399-rock-pi-4b-plus.dtb
  DTC     arch/arm64/boot/dts/qcom/sc7180-trogdor-lazor-r3.dtb
  DTC     arch/arm64/boot/dts/rockchip/rk3399-rock-pi-4c.dtb
  DTC     arch/arm64/boot/dts/qcom/sc7180-trogdor-lazor-r3-kb.dtb
  DTC     arch/arm64/boot/dts/rockchip/rk3399-rock960.dtb
  DTC     arch/arm64/boot/dts/rockchip/rk3399-rockpro64-v2.dtb
  CC      arch/arm64/kernel/probes/decode-insn.o
  DTC     arch/arm64/boot/dts/qcom/sc7180-trogdor-lazor-r3-lte.dtb
  DTC     arch/arm64/boot/dts/rockchip/rk3399-rockpro64.dtb
  DTC     arch/arm64/boot/dts/qcom/sc7180-trogdor-lazor-r9.dtb
  DTC     arch/arm64/boot/dts/rockchip/rk3399-sapphire.dtb
  DTC     arch/arm64/boot/dts/rockchip/rk3399-sapphire-excavator.dtb
  DTC     arch/arm64/boot/dts/qcom/sc7180-trogdor-lazor-r9-kb.dtb
  DTC     arch/arm64/boot/dts/rockchip/rk3399pro-rock-pi-n10.dtb
  DTC     arch/arm64/boot/dts/rockchip/rk3566-anbernic-rg353p.dtb
  DTC     arch/arm64/boot/dts/qcom/sc7180-trogdor-lazor-r9-lte.dtb
  DTC     arch/arm64/boot/dts/rockchip/rk3566-anbernic-rg353ps.dtb
  DTC     arch/arm64/boot/dts/qcom/sc7180-trogdor-lazor-r10.dtb
  DTC     arch/arm64/boot/dts/rockchip/rk3566-anbernic-rg353v.dtb
  DTC     arch/arm64/boot/dts/qcom/sc7180-trogdor-lazor-r10-kb.dtb
  DTC     arch/arm64/boot/dts/rockchip/rk3566-anbernic-rg353vs.dtb
  DTC     arch/arm64/boot/dts/rockchip/rk3566-anbernic-rg503.dtb
  DTC     arch/arm64/boot/dts/qcom/sc7180-trogdor-lazor-r10-lte.dtb
  CC      init/initramfs.o
  DTC     arch/arm64/boot/dts/rockchip/rk3566-pinenote-v1.1.dtb
  DTC     arch/arm64/boot/dts/qcom/sc7180-trogdor-lazor-limozeen-r4.dtb
  DTC     arch/arm64/boot/dts/rockchip/rk3566-pinenote-v1.2.dtb
  DTC     arch/arm64/boot/dts/rockchip/rk3566-powkiddy-rgb30.dtb
  DTC     arch/arm64/boot/dts/qcom/sc7180-trogdor-lazor-limozeen-r9.dtb
  DTC     arch/arm64/boot/dts/rockchip/rk3566-powkiddy-rk2023.dtb
  DTC     arch/arm64/boot/dts/qcom/sc7180-trogdor-lazor-limozeen-r10.dtb
  DTC     arch/arm64/boot/dts/rockchip/rk3566-powkiddy-x55.dtb
  AS      arch/arm64/kernel/probes/kprobes_trampoline.o
  CC      arch/arm64/kernel/probes/simulate-insn.o
  DTC     arch/arm64/boot/dts/rockchip/rk3566-quartz64-a.dtb
  DTC     arch/arm64/boot/dts/qcom/sc7180-trogdor-lazor-limozeen-nots-r4.dtb
  DTC     arch/arm64/boot/dts/rockchip/rk3566-quartz64-b.dtb
  DTC     arch/arm64/boot/dts/qcom/sc7180-trogdor-lazor-limozeen-nots-r5.dtb
  DTC     arch/arm64/boot/dts/rockchip/rk3566-radxa-cm3-io.dtb
  DTC     arch/arm64/boot/dts/qcom/sc7180-trogdor-lazor-limozeen-nots-r9.dtb
  DTC     arch/arm64/boot/dts/rockchip/rk3566-roc-pc.dtb
  DTC     arch/arm64/boot/dts/rockchip/rk3566-soquartz-blade.dtb
  DTC     arch/arm64/boot/dts/qcom/sc7180-trogdor-lazor-limozeen-nots-r10.dtb
  DTC     arch/arm64/boot/dts/rockchip/rk3566-soquartz-cm4.dtb
  DTC     arch/arm64/boot/dts/qcom/sc7180-trogdor-pazquel-lte-parade.dtb
  DTC     arch/arm64/boot/dts/rockchip/rk3566-soquartz-model-a.dtb
  DTC     arch/arm64/boot/dts/qcom/sc7180-trogdor-pazquel-lte-ti.dtb
  DTC     arch/arm64/boot/dts/rockchip/rk3566-box-demo.dtb
  DTC     arch/arm64/boot/dts/rockchip/rk3566-lubancat-1.dtb
  DTC     arch/arm64/boot/dts/qcom/sc7180-trogdor-pazquel-parade.dtb
  DTC     arch/arm64/boot/dts/rockchip/rk3568-bpi-r2-pro.dtb
  DTC     arch/arm64/boot/dts/rockchip/rk3568-evb1-v10.dtb
  DTC     arch/arm64/boot/dts/qcom/sc7180-trogdor-pazquel-ti.dtb
  DTC     arch/arm64/boot/dts/rockchip/rk3568-fastrhino-r66s.dtb
  DTC     arch/arm64/boot/dts/qcom/sc7180-trogdor-pazquel360-lte.dtb
  DTC     arch/arm64/boot/dts/rockchip/rk3568-fastrhino-r68s.dtb
  DTC     arch/arm64/boot/dts/rockchip/rk3568-lubancat-2.dtb
  DTC     arch/arm64/boot/dts/qcom/sc7180-trogdor-pazquel360-wifi.dtb
  DTC     arch/arm64/boot/dts/rockchip/rk3568-nanopi-r5c.dtb
  CC      arch/arm64/kernel/probes/uprobes.o
  DTC     arch/arm64/boot/dts/rockchip/rk3568-nanopi-r5s.dtb
  DTC     arch/arm64/boot/dts/rockchip/rk3568-odroid-m1.dtb
  DTC     arch/arm64/boot/dts/rockchip/rk3568-radxa-e25.dtb
  DTC     arch/arm64/boot/dts/rockchip/rk3568-roc-pc.dtb
  DTC     arch/arm64/boot/dts/qcom/sc7180-trogdor-pompom-r1.dtb
  DTC     arch/arm64/boot/dts/rockchip/rk3568-rock-3a.dtb
  DTC     arch/arm64/boot/dts/qcom/sc7180-trogdor-pompom-r1-lte.dtb
  DTC     arch/arm64/boot/dts/rockchip/rk3588-coolpi-cm5-evb.dtb
  DTC     arch/arm64/boot/dts/qcom/sc7180-trogdor-pompom-r2.dtb
  DTC     arch/arm64/boot/dts/rockchip/rk3588-edgeble-neu6a-io.dtb
  CC      init/calibrate.o
  DTC     arch/arm64/boot/dts/rockchip/rk3588-edgeble-neu6b-io.dtb
  DTC     arch/arm64/boot/dts/qcom/sc7180-trogdor-pompom-r2-lte.dtb
  DTC     arch/arm64/boot/dts/rockchip/rk3588-evb1-v10.dtb
  DTC     arch/arm64/boot/dts/qcom/sc7180-trogdor-pompom-r3.dtb
  DTC     arch/arm64/boot/dts/rockchip/rk3588-jaguar.dtb
  DTC     arch/arm64/boot/dts/qcom/sc7180-trogdor-pompom-r3-lte.dtb
  AR      arch/arm64/kernel/probes/built-in.a
  LDS     arch/arm64/kernel/vmlinux.lds
  DTC     arch/arm64/boot/dts/rockchip/rk3588-nanopc-t6.dtb
  CC      init/init_task.o
  CC      arch/arm64/kernel/debug-monitors.o
  DTC     arch/arm64/boot/dts/qcom/sc7180-trogdor-quackingstick-r0.dtb
  DTC     arch/arm64/boot/dts/rockchip/rk3588-orangepi-5-plus.dtb
  DTC     arch/arm64/boot/dts/qcom/sc7180-trogdor-quackingstick-r0-lte.dtb
  DTC     arch/arm64/boot/dts/rockchip/rk3588-quartzpro64.dtb
  DTC     arch/arm64/boot/dts/qcom/sc7180-trogdor-wormdingler-rev1-boe.dtb
  DTC     arch/arm64/boot/dts/rockchip/rk3588-rock-5b.dtb
  DTC     arch/arm64/boot/dts/qcom/sc7180-trogdor-wormdingler-rev1-inx.dtb
  DTC     arch/arm64/boot/dts/rockchip/rk3588-turing-rk1.dtb
  DTC     arch/arm64/boot/dts/qcom/sc7180-trogdor-wormdingler-rev1-inx-rt5682s.dtb
  DTC     arch/arm64/boot/dts/rockchip/rk3588s-coolpi-4b.dtb
  DTC     arch/arm64/boot/dts/qcom/sc7180-trogdor-wormdingler-rev1-boe-rt5682s.dtb
  DTC     arch/arm64/boot/dts/qcom/sc7180-trogdor-r1.dtb
  DTC     arch/arm64/boot/dts/qcom/sc7180-trogdor-r1-lte.dtb
  DTC     arch/arm64/boot/dts/rockchip/rk3588s-indiedroid-nova.dtb
  DTC     arch/arm64/boot/dts/qcom/sc7280-herobrine-crd.dtb
  DTC     arch/arm64/boot/dts/rockchip/rk3588s-khadas-edge2.dtb
  DTC     arch/arm64/boot/dts/rockchip/rk3588s-rock-5a.dtb
  DTC     arch/arm64/boot/dts/rockchip/rk3588s-orangepi-5.dtb
  DTC     arch/arm64/boot/dts/qcom/sc7280-herobrine-crd-pro.dtb
  AS      arch/arm64/kernel/entry.o
  CC      arch/arm64/mm/dma-mapping.o
  CC      arch/arm64/kernel/irq.o
  DTC     arch/arm64/boot/dts/qcom/sc7280-herobrine-evoker.dtb
  DTC     arch/arm64/boot/dts/qcom/sc7280-herobrine-evoker-lte.dtb
  DTC     arch/arm64/boot/dts/qcom/sc7280-herobrine-herobrine-r1.dtb
  DTC     arch/arm64/boot/dts/qcom/sc7280-herobrine-villager-r0.dtb
  CC      init/version.o
  DTC     arch/arm64/boot/dts/qcom/sc7280-herobrine-villager-r1.dtb
  DTC     arch/arm64/boot/dts/qcom/sc7280-herobrine-villager-r1-lte.dtb
  DTC     arch/arm64/boot/dts/qcom/sc7280-herobrine-zombie.dtb
  DTC     arch/arm64/boot/dts/qcom/sc7280-herobrine-zombie-lte.dtb
  AR      init/built-in.a
  CC      arch/arm64/mm/extable.o
  DTC     arch/arm64/boot/dts/qcom/sc7280-herobrine-zombie-nvme.dtb
  DTC     arch/arm64/boot/dts/qcom/sc7280-herobrine-zombie-nvme-lte.dtb
  CC      arch/arm64/net/bpf_jit_comp.o
  DTC     arch/arm64/boot/dts/qcom/sc7280-idp.dtb
  DTC     arch/arm64/boot/dts/qcom/sc7280-idp2.dtb
  CC      arch/arm64/mm/fault.o
  DTC     arch/arm64/boot/dts/qcom/sc7280-crd-r3.dtb
  CC      arch/arm64/kernel/fpsimd.o
  DTC     arch/arm64/boot/dts/qcom/sc8180x-lenovo-flex-5g.dtb
  DTC     arch/arm64/boot/dts/qcom/sc8180x-primus.dtb
  DTC     arch/arm64/boot/dts/qcom/sc8280xp-crd.dtb
  DTC     arch/arm64/boot/dts/qcom/sc8280xp-lenovo-thinkpad-x13s.dtb
  DTC     arch/arm64/boot/dts/qcom/sda660-inforce-ifc6560.dtb
  DTC     arch/arm64/boot/dts/qcom/sdm450-motorola-ali.dtb
  DTC     arch/arm64/boot/dts/qcom/sdm630-sony-xperia-ganges-kirin.dtb
  DTC     arch/arm64/boot/dts/qcom/sdm630-sony-xperia-nile-discovery.dtb
  DTC     arch/arm64/boot/dts/qcom/sdm630-sony-xperia-nile-pioneer.dtb
  DTC     arch/arm64/boot/dts/qcom/sdm630-sony-xperia-nile-voyager.dtb
  DTC     arch/arm64/boot/dts/qcom/sdm632-fairphone-fp3.dtb
  DTC     arch/arm64/boot/dts/qcom/sdm632-motorola-ocean.dtb
  DTC     arch/arm64/boot/dts/qcom/sdm636-sony-xperia-ganges-mermaid.dtb
  DTC     arch/arm64/boot/dts/qcom/sdm660-xiaomi-lavender.dtb
  DTC     arch/arm64/boot/dts/qcom/sdm670-google-sargo.dtb
  DTC     arch/arm64/boot/dts/qcom/sdm845-cheza-r1.dtb
  DTC     arch/arm64/boot/dts/qcom/sdm845-cheza-r2.dtb
  DTC     arch/arm64/boot/dts/qcom/sdm845-cheza-r3.dtb
  DTC     arch/arm64/boot/dts/qcom/sdm845-db845c.dtb
  DTC     arch/arm64/boot/dts/qcom/sdm845-db845c-navigation-mezzanine.dtb
  DTC     arch/arm64/boot/dts/qcom/sdm845-lg-judyln.dtb
  DTC     arch/arm64/boot/dts/qcom/sdm845-lg-judyp.dtb
  DTC     arch/arm64/boot/dts/qcom/sdm845-mtp.dtb
  DTC     arch/arm64/boot/dts/qcom/sdm845-oneplus-enchilada.dtb
  DTC     arch/arm64/boot/dts/qcom/sdm845-oneplus-fajita.dtb
  DTC     arch/arm64/boot/dts/qcom/sdm845-samsung-starqltechn.dtb
  DTC     arch/arm64/boot/dts/qcom/sdm845-sony-xperia-tama-akari.dtb
  DTC     arch/arm64/boot/dts/qcom/sdm845-sony-xperia-tama-akatsuki.dtb
  DTC     arch/arm64/boot/dts/qcom/sdm845-sony-xperia-tama-apollo.dtb
  DTC     arch/arm64/boot/dts/qcom/sdm845-xiaomi-beryllium-ebbg.dtb
  DTC     arch/arm64/boot/dts/qcom/sdm845-xiaomi-beryllium-tianma.dtb
  DTC     arch/arm64/boot/dts/qcom/sdm845-xiaomi-polaris.dtb
  DTC     arch/arm64/boot/dts/qcom/sdm845-shift-axolotl.dtb
  DTC     arch/arm64/boot/dts/qcom/sdm850-lenovo-yoga-c630.dtb
  DTC     arch/arm64/boot/dts/qcom/sdm850-samsung-w737.dtb
  DTC     arch/arm64/boot/dts/qcom/sdx75-idp.dtb
  DTC     arch/arm64/boot/dts/qcom/sm4250-oneplus-billie2.dtb
  DTC     arch/arm64/boot/dts/qcom/sm4450-qrd.dtb
  DTC     arch/arm64/boot/dts/qcom/sm6115-fxtec-pro1x.dtb
  DTC     arch/arm64/boot/dts/qcom/sm6115p-lenovo-j606f.dtb
  DTC     arch/arm64/boot/dts/qcom/sm6125-sony-xperia-seine-pdx201.dtb
  DTC     arch/arm64/boot/dts/qcom/sm6125-xiaomi-laurel-sprout.dtb
  DTC     arch/arm64/boot/dts/qcom/sm6350-sony-xperia-lena-pdx213.dtb
  DTC     arch/arm64/boot/dts/qcom/sm6375-sony-xperia-murray-pdx225.dtb
  DTC     arch/arm64/boot/dts/qcom/sm7125-xiaomi-joyeuse.dtb
  DTC     arch/arm64/boot/dts/qcom/sm7225-fairphone-fp4.dtb
  DTC     arch/arm64/boot/dts/qcom/sm8150-hdk.dtb
  DTC     arch/arm64/boot/dts/qcom/sm8150-microsoft-surface-duo.dtb
  DTC     arch/arm64/boot/dts/qcom/sm8150-mtp.dtb
  DTC     arch/arm64/boot/dts/qcom/sm8150-sony-xperia-kumano-bahamut.dtb
  DTC     arch/arm64/boot/dts/qcom/sm8150-sony-xperia-kumano-griffin.dtb
  DTC     arch/arm64/boot/dts/qcom/sm8250-hdk.dtb
  DTC     arch/arm64/boot/dts/qcom/sm8250-mtp.dtb
  DTC     arch/arm64/boot/dts/qcom/sm8250-sony-xperia-edo-pdx203.dtb
  DTC     arch/arm64/boot/dts/qcom/sm8250-sony-xperia-edo-pdx206.dtb
  DTC     arch/arm64/boot/dts/qcom/sm8250-xiaomi-elish-boe.dtb
  DTC     arch/arm64/boot/dts/qcom/sm8250-xiaomi-elish-csot.dtb
  DTC     arch/arm64/boot/dts/qcom/sm8250-xiaomi-pipa.dtb
  DTC     arch/arm64/boot/dts/qcom/sm8350-hdk.dtb
  DTC     arch/arm64/boot/dts/qcom/sm8350-microsoft-surface-duo2.dtb
  DTC     arch/arm64/boot/dts/qcom/sm8350-mtp.dtb
  DTC     arch/arm64/boot/dts/qcom/sm8350-sony-xperia-sagami-pdx214.dtb
  DTC     arch/arm64/boot/dts/qcom/sm8350-sony-xperia-sagami-pdx215.dtb
  DTC     arch/arm64/boot/dts/qcom/sm8450-hdk.dtb
  DTC     arch/arm64/boot/dts/qcom/sm8450-qrd.dtb
  DTC     arch/arm64/boot/dts/qcom/sm8450-sony-xperia-nagara-pdx223.dtb
  DTC     arch/arm64/boot/dts/qcom/sm8450-sony-xperia-nagara-pdx224.dtb
  DTC     arch/arm64/boot/dts/qcom/sm8550-mtp.dtb
  DTC     arch/arm64/boot/dts/qcom/sm8550-qrd.dtb
  DTC     arch/arm64/boot/dts/qcom/sm8650-mtp.dtb
  DTC     arch/arm64/boot/dts/qcom/sm8650-qrd.dtb
  DTC     arch/arm64/boot/dts/qcom/x1e80100-crd.dtb
  DTC     arch/arm64/boot/dts/qcom/x1e80100-qcp.dtb
  DTOVL   arch/arm64/boot/dts/qcom/apq8016-sbc-usb-host.dtb
  DTC     arch/arm64/boot/dts/sprd/sc9836-openphone.dtb
  CC      arch/arm64/mm/init.o
  DTC     arch/arm64/boot/dts/sprd/sp9860g-1h10.dtb
  DTC     arch/arm64/boot/dts/sprd/sp9863a-1h10.dtb
  DTC     arch/arm64/boot/dts/sprd/ums512-1h10.dtb
  DTC     arch/arm64/boot/dts/sprd/ums9620-2h10.dtb
  CC      arch/arm64/kernel/entry-common.o
  DTC     arch/arm64/boot/dts/st/stm32mp257f-ev1.dtb
  DTC     arch/arm64/boot/dts/synaptics/berlin4ct-dmp.dtb
  AR      arch/arm64/net/built-in.a
  DTC     arch/arm64/boot/dts/synaptics/berlin4ct-stb.dtb
  DTC     arch/arm64/boot/dts/ti/k3-am625-beagleplay.dtb
  DTC     arch/arm64/boot/dts/ti/k3-am625-beagleplay-csi2-ov5640.dtbo
  CC      kernel/sched/core.o
  DTC     arch/arm64/boot/dts/ti/k3-am625-beagleplay-csi2-tevi-ov5640.dtbo
  DTC     arch/arm64/boot/dts/ti/k3-am625-phyboard-lyra-rdk.dtb
  DTC     arch/arm64/boot/dts/ti/k3-am625-sk.dtb
  DTC     arch/arm64/boot/dts/ti/k3-am625-verdin-nonwifi-dahlia.dtb
  DTC     arch/arm64/boot/dts/ti/k3-am625-verdin-nonwifi-dev.dtb
  DTC     arch/arm64/boot/dts/ti/k3-am625-verdin-nonwifi-mallow.dtb
  DTC     arch/arm64/boot/dts/ti/k3-am625-verdin-nonwifi-yavia.dtb
  DTC     arch/arm64/boot/dts/ti/k3-am625-verdin-wifi-dahlia.dtb
  DTC     arch/arm64/boot/dts/ti/k3-am625-verdin-wifi-dev.dtb
  DTC     arch/arm64/boot/dts/ti/k3-am625-verdin-wifi-mallow.dtb
  DTC     arch/arm64/boot/dts/ti/k3-am625-verdin-wifi-yavia.dtb
  DTC     arch/arm64/boot/dts/ti/k3-am62-lp-sk.dtb
  DTC     arch/arm64/boot/dts/ti/k3-am62a7-sk.dtb
  DTC     arch/arm64/boot/dts/ti/k3-am62p5-sk.dtb
  DTC     arch/arm64/boot/dts/ti/k3-am62x-sk-csi2-ov5640.dtbo
  DTC     arch/arm64/boot/dts/ti/k3-am62x-sk-csi2-tevi-ov5640.dtbo
  DTC     arch/arm64/boot/dts/ti/k3-am62x-sk-csi2-imx219.dtbo
  DTC     arch/arm64/boot/dts/ti/k3-am62x-sk-hdmi-audio.dtbo
  DTC     arch/arm64/boot/dts/ti/k3-am642-evm.dtb
  DTC     arch/arm64/boot/dts/ti/k3-am642-phyboard-electra-rdk.dtb
  DTC     arch/arm64/boot/dts/ti/k3-am642-sk.dtb
  DTC     arch/arm64/boot/dts/ti/k3-am642-tqma64xxl-mbax4xxl.dtb
  DTC     arch/arm64/boot/dts/ti/k3-am64-tqma64xxl-mbax4xxl-sdcard.dtbo
  DTC     arch/arm64/boot/dts/ti/k3-am64-tqma64xxl-mbax4xxl-wlan.dtbo
  DTC     arch/arm64/boot/dts/ti/k3-am6528-iot2050-basic.dtb
  DTC     arch/arm64/boot/dts/ti/k3-am6528-iot2050-basic-pg2.dtb
  DTC     arch/arm64/boot/dts/ti/k3-am6548-iot2050-advanced.dtb
  DTC     arch/arm64/boot/dts/ti/k3-am6548-iot2050-advanced-m2.dtb
  DTC     arch/arm64/boot/dts/ti/k3-am6548-iot2050-advanced-pg2.dtb
  DTC     arch/arm64/boot/dts/ti/k3-am654-base-board.dtb
  AS      arch/arm64/kernel/entry-fpsimd.o
  DTC     arch/arm64/boot/dts/ti/k3-am654-base-board-rocktech-rk101-panel.dtbo
  DTC     arch/arm64/boot/dts/ti/k3-am654-icssg2.dtbo
  CC      arch/arm64/kernel/process.o
  DTC     arch/arm64/boot/dts/ti/k3-am654-idk.dtbo
  DTC     arch/arm64/boot/dts/ti/k3-j7200-common-proc-board.dtb
  DTC     arch/arm64/boot/dts/ti/k3-j7200-evm-quad-port-eth-exp.dtbo
  DTC     arch/arm64/boot/dts/ti/k3-j721e-beagleboneai64.dtb
  DTC     arch/arm64/boot/dts/ti/k3-j721e-common-proc-board.dtb
  AS      arch/arm64/mm/cache.o
  DTC     arch/arm64/boot/dts/ti/k3-j721e-evm-quad-port-eth-exp.dtbo
  DTC     arch/arm64/boot/dts/ti/k3-j721e-evm-gesi-exp-board.dtbo
  DTC     arch/arm64/boot/dts/ti/k3-j721e-evm-pcie0-ep.dtbo
  CC      arch/arm64/mm/copypage.o
  DTC     arch/arm64/boot/dts/ti/k3-j721e-sk.dtb
  DTC     arch/arm64/boot/dts/ti/k3-am68-sk-base-board.dtb
  DTC     arch/arm64/boot/dts/ti/k3-j721s2-common-proc-board.dtb
  DTC     arch/arm64/boot/dts/ti/k3-j721s2-evm-gesi-exp-board.dtbo
  DTC     arch/arm64/boot/dts/ti/k3-j721s2-evm-pcie1-ep.dtbo
  DTC     arch/arm64/boot/dts/ti/k3-am69-sk.dtb
  DTC     arch/arm64/boot/dts/ti/k3-j784s4-evm.dtb
  DTOVL   arch/arm64/boot/dts/ti/k3-am654-gp-evm.dtb
  DTOVL   arch/arm64/boot/dts/ti/k3-am654-evm.dtb
  DTOVL   arch/arm64/boot/dts/ti/k3-j7200-evm.dtb
  DTOVL   arch/arm64/boot/dts/ti/k3-j721e-evm.dtb
  DTOVL   arch/arm64/boot/dts/ti/k3-j721s2-evm.dtb
  DTOVL   arch/arm64/boot/dts/ti/k3-am654-idk.dtb
  DTC     arch/arm64/boot/dts/toshiba/tmpv7708-rm-mbrc.dtb
  DTC     arch/arm64/boot/dts/toshiba/tmpv7708-visrobo-vrb.dtb
  DTC     arch/arm64/boot/dts/xilinx/avnet-ultra96-rev1.dtb
  DTC     arch/arm64/boot/dts/xilinx/zynqmp-zc1232-revA.dtb
  DTC     arch/arm64/boot/dts/xilinx/zynqmp-zc1254-revA.dtb
  DTC     arch/arm64/boot/dts/xilinx/zynqmp-zc1751-xm015-dc1.dtb
  DTC     arch/arm64/boot/dts/xilinx/zynqmp-zc1751-xm016-dc2.dtb
  DTC     arch/arm64/boot/dts/xilinx/zynqmp-zc1751-xm017-dc3.dtb
  DTC     arch/arm64/boot/dts/xilinx/zynqmp-zc1751-xm018-dc4.dtb
  DTC     arch/arm64/boot/dts/xilinx/zynqmp-zc1751-xm019-dc5.dtb
  DTC     arch/arm64/boot/dts/xilinx/zynqmp-zcu100-revC.dtb
  DTC     arch/arm64/boot/dts/xilinx/zynqmp-zcu102-revA.dtb
  DTC     arch/arm64/boot/dts/xilinx/zynqmp-zcu102-revB.dtb
  DTC     arch/arm64/boot/dts/xilinx/zynqmp-zcu102-rev1.0.dtb
  DTC     arch/arm64/boot/dts/xilinx/zynqmp-zcu102-rev1.1.dtb
  DTC     arch/arm64/boot/dts/xilinx/zynqmp-zcu104-revA.dtb
  DTC     arch/arm64/boot/dts/xilinx/zynqmp-zcu104-revC.dtb
  DTC     arch/arm64/boot/dts/xilinx/zynqmp-zcu106-revA.dtb
  DTC     arch/arm64/boot/dts/xilinx/zynqmp-zcu111-revA.dtb
  DTC     arch/arm64/boot/dts/xilinx/zynqmp-zcu1275-revA.dtb
  DTC     arch/arm64/boot/dts/xilinx/zynqmp-sm-k26-revA.dtb
  DTC     arch/arm64/boot/dts/xilinx/zynqmp-smk-k26-revA.dtb
  DTC     arch/arm64/boot/dts/xilinx/zynqmp-sck-kv-g-revA.dtbo
  DTC     arch/arm64/boot/dts/xilinx/zynqmp-sck-kv-g-revB.dtbo
  DTOVL   arch/arm64/boot/dts/xilinx/zynqmp-smk-k26-revA-sck-kv-g-revA.dtb
  DTOVL   arch/arm64/boot/dts/xilinx/zynqmp-smk-k26-revA-sck-kv-g-revB.dtb
  DTOVL   arch/arm64/boot/dts/xilinx/zynqmp-sm-k26-revA-sck-kv-g-revA.dtb
  DTOVL   arch/arm64/boot/dts/xilinx/zynqmp-sm-k26-revA-sck-kv-g-revB.dtb
  CC      certs/system_keyring.o
  HOSTCC  certs/extract-cert
  CC      arch/arm64/mm/flush.o
  COPY    certs/x509.genkey
  CC      certs/blacklist.o
  CC      arch/arm64/kernel/ptrace.o
  GEN     certs/blacklist_hash_list
  CERT    certs/x509_revocation_list
  CERT    certs/x509_certificate_list
  GENKEY  certs/signing_key.pem
  CC      arch/arm64/mm/ioremap.o
....+.....+....+...+........+.........+.+......+.....+....+......+........+...+...+.+++++++++++++++++++++++++++++++++++++++++++++++++++++++++++++++++*..+....+...+..+.+++++++++++++++++++++++++++++++++++++++++++++++++++++++++++++++++*.+........+......+........................................+...+..+......+.........+.+..................+......+...+...........+.........+.......+.....+.+............+.....+......+.+......+..................+......+...+..+....+.....+....+.................+....+.....+.+.........+..+....+..................+...............+...+..+..........+..+................+..+...+...+...............+++++++++++++++++++++++++++++++++++++++++++++++++++++++++++++++++
..................+++++++++++++++++++++++++++++++++++++++++++++++++++++++++++++++++*...+.........+..+...+.........+.+..+.......+...+........+......+......+.......+.....+...+...+......+.+...+.........+...+...+..+....+.....+...+......+.........+..........+...+.........+......+...+...........+.........+.+++++++++++++++++++++++++++++++++++++++++++++++++++++++++++++++++*..............+.....+...+....+..+....+.........+..+.........+.....................+.+........+.+.....+.............+..+......+..................+............+.............+..+  CC      arch/arm64/mm/mmap.o
....+.........+.....+......+....+.....+.......+..+.+.........+.....+...+...+.+.....+.+...............+.........+...+..+............................+.  CC      arch/arm64/kernel/setup.o
.+...+.............+..+............+.+..+............+.........+......+...+......................+..............+......+................+...+..+.......+.....+...+.......+...........+.........+...+....+........+..........+...+.....+.........................+..+............+.+..+......+....+..+.+...+.................+....+.....+...+...+.......+.....+.......+...+.....+.......+......+.....+....+...........+.......+..+................+.........+...+..+...+.+...............+.....+...............+.+......+.........+...+..+.+.........+..............+.......+..+..............  CC      arch/arm64/mm/pgd.o
.+.......+..............+.......+..+......+.......+...+.....+.+.....+......+...+..........+.....+......+.+...+..............+.......+........+.+..............+...............+......+.........+......+.+.........  CC      arch/arm64/kernel/signal.o
+.........+.....+.+...............+......+...+...+.....+...+.......+........+.+........+...+.........+...+...+.............+..+.......+.....+...+.............+......+...............+  CC      arch/arm64/mm/mmu.o
...+......+...............+......+.....+......+....+.....+.+........................+.....................+...+..+............+......+......+...............+.+........+....+...............+............+...+...............+......+..+............+.....................+.+...+............+...........+.......+.....+.+......+.....+....+.....+++++++++++++++++++++++++++++++++++++++++++++++++++++++++++++++++
-----
  CC      certs/blacklist_hashes.o
  AS      certs/revocation_certificates.o
  CERT    certs/signing_key.x509
  AS      certs/system_certificates.o
  AR      certs/built-in.a
  CC      arch/arm64/kvm/hyp/vhe/timer-sr.o
  CC      arch/arm64/kernel/sys.o
  CC      arch/arm64/kvm/hyp/vhe/sysreg-sr.o
  CC      arch/arm64/kernel/stacktrace.o
  CC      arch/arm64/kvm/hyp/vhe/debug-sr.o
  CC      arch/arm64/mm/context.o
  CC      arch/arm64/kernel/time.o
  CC      arch/arm64/kvm/hyp/vhe/switch.o
  CC      kernel/sched/fair.o
  AS      arch/arm64/mm/proc.o
  CC      arch/arm64/mm/pageattr.o
  CC      arch/arm64/kernel/traps.o
  CC      arch/arm64/mm/fixmap.o
  CC      arch/arm64/kvm/hyp/vhe/tlb.o
  CC      arch/arm64/kernel/io.o
  CC      arch/arm64/mm/hugetlbpage.o
  CC      arch/arm64/kernel/vdso.o
  CC      arch/arm64/kvm/hyp/vhe/../vgic-v3-sr.o
  CC      arch/arm64/mm/ptdump.o
  AS      arch/arm64/kernel/hyp-stub.o
  CC      arch/arm64/kernel/psci.o
  CC      arch/arm64/mm/trans_pgd.o
  CC      arch/arm64/kvm/hyp/vhe/../aarch32.o
  CC      arch/arm64/kernel/cpu_ops.o
  CC      arch/arm64/kernel/return_address.o
  AS      arch/arm64/mm/trans_pgd-asm.o
  CC      arch/arm64/kvm/hyp/vhe/../vgic-v2-cpuif-proxy.o
  CC      arch/arm64/mm/mteswap.o
  AS      arch/arm64/kvm/hyp/vhe/../entry.o
  AR      arch/arm64/mm/built-in.a
  AS      arch/arm64/kvm/hyp/vhe/../fpsimd.o
  LDS     arch/arm64/kvm/hyp/nvhe/hyp.lds
  AS      arch/arm64/kvm/hyp/vhe/../hyp-entry.o
  CC      arch/arm64/kvm/hyp/nvhe/timer-sr.nvhe.o
  CC      arch/arm64/kernel/cpuinfo.o
  CC      arch/arm64/kvm/hyp/vhe/../exception.o
  CC      arch/arm64/kernel/cpu_errata.o
  CC      arch/arm64/kvm/hyp/nvhe/sysreg-sr.nvhe.o
  AR      arch/arm64/kvm/hyp/vhe/built-in.a
  CC      mm/kfence/core.o
  CC      arch/arm64/kernel/cpufeature.o
  CC      arch/arm64/kvm/hyp/nvhe/debug-sr.nvhe.o
  CC      arch/arm64/kvm/hyp/nvhe/switch.nvhe.o
  CC      mm/kfence/report.o
  CC      kernel/sched/build_policy.o
  CC      arch/arm64/kvm/hyp/nvhe/tlb.nvhe.o
  AR      mm/kfence/built-in.a
  CC      mm/filemap.o
  CC      arch/arm64/kernel/alternative.o
  AS      arch/arm64/kvm/hyp/nvhe/hyp-init.nvhe.o
  AS      arch/arm64/kvm/hyp/nvhe/host.nvhe.o
  CC      arch/arm64/kvm/hyp/nvhe/hyp-main.nvhe.o
  CC      arch/arm64/kernel/cacheinfo.o
  CC      arch/arm64/kvm/hyp/nvhe/hyp-smp.nvhe.o
  CC      arch/arm64/kvm/hyp/nvhe/psci-relay.nvhe.o
  CC      arch/arm64/kernel/smp.o
  CC      arch/arm64/kvm/hyp/nvhe/early_alloc.nvhe.o
  CC      arch/arm64/kvm/hyp/nvhe/page_alloc.nvhe.o
  CC      mm/mempool.o
  CC      arch/arm64/kernel/smp_spin_table.o
  AS      arch/arm64/kvm/hyp/nvhe/cache.nvhe.o
  CC      arch/arm64/kvm/hyp/nvhe/setup.nvhe.o
  CC      arch/arm64/kernel/topology.o
  CC      kernel/sched/build_utility.o
  CC      arch/arm64/kvm/hyp/nvhe/mm.nvhe.o
  CC      mm/oom_kill.o
  AS      arch/arm64/kernel/smccc-call.o
  CC      arch/arm64/kernel/syscall.o
  CC      arch/arm64/kvm/hyp/nvhe/mem_protect.nvhe.o
  CC      arch/arm64/kernel/proton-pack.o
  CC      arch/arm64/kvm/hyp/nvhe/sys_regs.nvhe.o
  CC      arch/arm64/kernel/idreg-override.o
  CC      mm/fadvise.o
  CC      arch/arm64/kvm/hyp/nvhe/pkvm.nvhe.o
  CC      arch/arm64/kernel/idle.o
  CC      arch/arm64/kvm/hyp/nvhe/stacktrace.nvhe.o
  CC      arch/arm64/kernel/patching.o
  CC      mm/maccess.o
  CC      arch/arm64/kvm/hyp/nvhe/ffa.nvhe.o
  CC      arch/arm64/kernel/sys32.o
  CC      arch/arm64/kernel/signal32.o
  CC      mm/page-writeback.o
  CC      arch/arm64/kvm/hyp/nvhe/../vgic-v3-sr.nvhe.o
  CC      arch/arm64/kernel/sys_compat.o
  CC      arch/arm64/kvm/hyp/nvhe/../aarch32.nvhe.o
  AS      arch/arm64/kernel/sigreturn32.o
  AS      arch/arm64/kernel/kuser32.o
  CC      arch/arm64/kernel/ftrace.o
  CC      arch/arm64/kvm/hyp/nvhe/../vgic-v2-cpuif-proxy.nvhe.o
  AR      kernel/sched/built-in.a
  CC      kernel/locking/mutex.o
  AS      arch/arm64/kernel/entry-ftrace.o
  CC      arch/arm64/kernel/module.o
  AS      arch/arm64/kvm/hyp/nvhe/../entry.nvhe.o
  AS      arch/arm64/kvm/hyp/nvhe/../fpsimd.nvhe.o
  AS      arch/arm64/kvm/hyp/nvhe/../hyp-entry.nvhe.o
  CC      arch/arm64/kvm/hyp/nvhe/../exception.nvhe.o
  CC      mm/folio-compat.o
  CC      arch/arm64/kernel/module-plts.o
  CC      arch/arm64/kvm/hyp/nvhe/../pgtable.nvhe.o
  CC      kernel/locking/semaphore.o
  CC      arch/arm64/kernel/perf_regs.o
  CC      mm/readahead.o
  CC      arch/arm64/kernel/perf_callchain.o
  AS      arch/arm64/kvm/hyp/nvhe/../../../lib/clear_page.nvhe.o
  CC      kernel/locking/rwsem.o
  AS      arch/arm64/kvm/hyp/nvhe/../../../lib/copy_page.nvhe.o
  AS      arch/arm64/kvm/hyp/nvhe/../../../lib/memcpy.nvhe.o
  CC      arch/arm64/kernel/watchdog_hld.o
  AS      arch/arm64/kvm/hyp/nvhe/../../../lib/memset.nvhe.o
  HOSTCC  arch/arm64/kvm/hyp/nvhe/gen-hyprel
  LD      arch/arm64/kvm/hyp/nvhe/kvm_nvhe.tmp.o
  HYPREL  arch/arm64/kvm/hyp/nvhe/hyp-reloc.S
  AS      arch/arm64/kvm/hyp/nvhe/hyp-reloc.o
  LD      arch/arm64/kvm/hyp/nvhe/kvm_nvhe.rel.o
  HYPCOPY arch/arm64/kvm/hyp/nvhe/kvm_nvhe.o
  AR      arch/arm64/kvm/hyp/nvhe/built-in.a
  CC      arch/arm64/kvm/hyp/pgtable.o
  CC      mm/swap.o
  CC      arch/arm64/kernel/hw_breakpoint.o
  CC      kernel/locking/percpu-rwsem.o
  AS      arch/arm64/kernel/sleep.o
  CC      arch/arm64/kernel/suspend.o
  AR      arch/arm64/kvm/hyp/built-in.a
  CC      arch/arm64/kvm/hyp-constants.s
  CC      kernel/locking/spinlock.o
  CC      arch/arm64/kernel/cpuidle.o
  UPD     arch/arm64/kvm/hyp_constants.h
  CC      arch/arm64/kvm/../../../virt/kvm/kvm_main.o
  CC      arch/arm64/kernel/jump_label.o
  CC      mm/truncate.o
  CC      arch/arm64/kernel/kgdb.o
  CC      kernel/locking/osq_lock.o
  CC      kernel/locking/qspinlock.o
  CC      arch/arm64/kernel/efi.o
  CC      kernel/locking/rtmutex_api.o
  AS      arch/arm64/kernel/efi-rt-wrapper.o
  CC      arch/arm64/kernel/pci.o
  CC      mm/vmscan.o
  CC      arch/arm64/kernel/armv8_deprecated.o
  CC      kernel/locking/qrwlock.o
  CC      arch/arm64/kernel/acpi.o
  AR      kernel/locking/built-in.a
  CC      kernel/power/qos.o
  CC      arch/arm64/kvm/../../../virt/kvm/eventfd.o
  CC      arch/arm64/kernel/acpi_numa.o
  CC      kernel/power/main.o
  CC      arch/arm64/kernel/acpi_parking_protocol.o
  CC      arch/arm64/kernel/paravirt.o
  CC      arch/arm64/kvm/../../../virt/kvm/binary_stats.o
  CC      arch/arm64/kernel/kaslr.o
  CC      kernel/power/console.o
  CC      arch/arm64/kernel/elfcore.o
  CC      arch/arm64/kvm/../../../virt/kvm/vfio.o
  CC      arch/arm64/kernel/machine_kexec.o
  CC      kernel/power/process.o
  AS      arch/arm64/kernel/relocate_kernel.o
  AS      arch/arm64/kernel/cpu-reset.o
  CC      arch/arm64/kernel/machine_kexec_file.o
  CC      arch/arm64/kvm/../../../virt/kvm/coalesced_mmio.o
  CC      mm/shrinker.o
  CC      arch/arm64/kernel/kexec_image.o
  CC      kernel/power/suspend.o
  CC      arch/arm64/kvm/../../../virt/kvm/irqchip.o
  CC      arch/arm64/kernel/crash_dump.o
  CC      arch/arm64/kvm/../../../virt/kvm/dirty_ring.o
  CC      arch/arm64/kernel/crash_core.o
  CC      mm/shmem.o
  CC      arch/arm64/kernel/sdei.o
  CC      kernel/power/wakelock.o
  CC      arch/arm64/kvm/arm.o
  CC      arch/arm64/kernel/pointer_auth.o
  CC      kernel/power/poweroff.o
  CC      kernel/power/energy_model.o
  CC      arch/arm64/kernel/mte.o
  AR      kernel/power/built-in.a
  CC      kernel/printk/printk.o
  AS      arch/arm64/kernel/vdso-wrap.o
  AS      arch/arm64/kernel/head.o
  AR      arch/arm64/kernel/built-in.a
  CC      kernel/irq/irqdesc.o
  CC      arch/arm64/kvm/mmu.o
  CC      mm/util.o
  CC      kernel/irq/handle.o
  CC      kernel/irq/manage.o
  CC      kernel/printk/printk_safe.o
  CC      mm/mmzone.o
  CC      arch/arm64/kvm/mmio.o
  CC      mm/vmstat.o
  CC      kernel/printk/nbcon.o
  CC      arch/arm64/kvm/psci.o
  CC      kernel/irq/spurious.o
  CC      kernel/printk/printk_ringbuffer.o
  CC      arch/arm64/kvm/hypercalls.o
  CC      kernel/irq/resend.o
  CC      kernel/printk/sysctl.o
  AR      kernel/printk/built-in.a
  CC      kernel/rcu/update.o
  CC      kernel/irq/chip.o
  CC      arch/arm64/kvm/pvtime.o
  CC      mm/backing-dev.o
  CC      arch/arm64/kvm/inject_fault.o
  CC      kernel/irq/dummychip.o
  CC      kernel/rcu/sync.o
  CC      kernel/irq/devres.o
  CC      mm/mm_init.o
  CC      arch/arm64/kvm/va_layout.o
  CC      kernel/rcu/srcutree.o
  CC      arch/arm64/kvm/handle_exit.o
  CC      kernel/irq/generic-chip.o
  CC      kernel/rcu/tree.o
  CC      arch/arm64/kvm/guest.o
  CC      kernel/irq/autoprobe.o
  CC      mm/percpu.o
  CC      kernel/irq/irqdomain.o
  CC      arch/arm64/kvm/debug.o
  CC      arch/arm64/kvm/reset.o
  CC      kernel/irq/proc.o
  CC      kernel/irq/cpuhotplug.o
  CC      mm/slab_common.o
  CC      arch/arm64/kvm/sys_regs.o
  CC      kernel/irq/pm.o
  CC      kernel/irq/msi.o
  CC      kernel/rcu/rcu_segcblist.o
  CC      mm/compaction.o
  AR      kernel/rcu/built-in.a
  AR      kernel/livepatch/built-in.a
  CC      kernel/irq/ipi.o
  CC      fs/notify/dnotify/dnotify.o
  CC      arch/arm64/kvm/stacktrace.o
  AR      fs/notify/dnotify/built-in.a
  CC      fs/notify/inotify/inotify_fsnotify.o
  CC      arch/arm64/kvm/vgic-sys-reg-v3.o
  CC      kernel/irq/ipi-mux.o
  CC      fs/notify/inotify/inotify_user.o
  CC      kernel/irq/affinity.o
  CC      arch/arm64/kvm/fpsimd.o
  AR      kernel/irq/built-in.a
  CC      kernel/dma/mapping.o
  AR      fs/notify/inotify/built-in.a
  CC      fs/notify/fanotify/fanotify.o
  CC      arch/arm64/kvm/pkvm.o
  CC      arch/arm64/kvm/arch_timer.o
  CC      fs/notify/fanotify/fanotify_user.o
  CC      kernel/dma/direct.o
  CC      mm/show_mem.o
  CC      kernel/dma/ops_helpers.o
  CC      arch/arm64/kvm/trng.o
  AR      fs/notify/fanotify/built-in.a
  CC      fs/notify/fsnotify.o
  CC      kernel/dma/dummy.o
  CC      mm/shmem_quota.o
  CC      kernel/dma/contiguous.o
  CC      arch/arm64/kvm/vmid.o
  CC      kernel/dma/coherent.o
  CC      mm/interval_tree.o
  CC      fs/notify/notification.o
  CC      arch/arm64/kvm/emulate-nested.o
  CC      kernel/dma/swiotlb.o
  CC      mm/list_lru.o
  CC      fs/notify/group.o
  CC      arch/arm64/kvm/nested.o
  CC      kernel/dma/pool.o
  CC      arch/arm64/kvm/vgic/vgic.o
  CC      fs/notify/mark.o
  CC      mm/workingset.o
  CC      kernel/dma/remap.o
  AR      kernel/dma/built-in.a
  CC      kernel/entry/kvm.o
  CC      arch/arm64/kvm/vgic/vgic-init.o
  CC      fs/notify/fdinfo.o
  CC      mm/debug.o
  AR      fs/notify/built-in.a
  CC      fs/crypto/crypto.o
  CC      arch/arm64/kvm/vgic/vgic-irqfd.o
  AR      kernel/entry/built-in.a
  CC      kernel/module/main.o
  CC      mm/gup.o
  CC      arch/arm64/kvm/vgic/vgic-v2.o
  CC      fs/crypto/fname.o
  CC      arch/arm64/kvm/vgic/vgic-v3.o
  CC      fs/crypto/hkdf.o
  CC      arch/arm64/kvm/vgic/vgic-v4.o
  CC      fs/crypto/hooks.o
  CC      mm/mmap_lock.o
  CC      kernel/module/strict_rwx.o
  CC      arch/arm64/kvm/vgic/vgic-mmio.o
  CC      kernel/module/kmod.o
  CC      fs/crypto/keyring.o
  CC      arch/arm64/kvm/vgic/vgic-mmio-v2.o
  CC      mm/highmem.o
  CC      kernel/module/decompress.o
  CC      arch/arm64/kvm/vgic/vgic-mmio-v3.o
  CC      mm/memory.o
  CC      kernel/module/signing.o
  CC      fs/crypto/keysetup.o
  CC      arch/arm64/kvm/vgic/vgic-kvm-device.o
  CC      kernel/module/tree_lookup.o
  CC      kernel/module/kallsyms.o
  CC      fs/crypto/keysetup_v1.o
  CC      arch/arm64/kvm/vgic/vgic-its.o
  CC      kernel/module/procfs.o
  CC      fs/crypto/policy.o
  CC      kernel/module/sysfs.o
  CC      kernel/module/kdb.o
  CC      arch/arm64/kvm/vgic/vgic-debug.o
  CC      fs/crypto/bio.o
  CC      kernel/module/version.o
  CC      arch/arm64/kvm/pmu-emul.o
  CC      mm/mincore.o
  AR      kernel/module/built-in.a
  CC      kernel/time/time.o
  CC      fs/crypto/inline_crypt.o
  CC      mm/mlock.o
  CC      arch/arm64/kvm/pmu.o
  CC      kernel/time/timer.o
  AR      fs/crypto/built-in.a
  CC      fs/verity/enable.o
  AR      arch/arm64/kvm/built-in.a
  CC      arch/arm64/xen/../../arm/xen/enlighten.o
  CC      fs/verity/hash_algs.o
  CC      mm/mmap.o
  CC      fs/verity/init.o
  CC      arch/arm64/xen/../../arm/xen/grant-table.o
  CC      fs/verity/measure.o
  CC      arch/arm64/xen/../../arm/xen/p2m.o
  CC      kernel/time/hrtimer.o
  CC      arch/arm64/xen/../../arm/xen/mm.o
  CC      fs/verity/open.o
  AS      arch/arm64/xen/hypercall.o
  AR      arch/arm64/xen/built-in.a
  AS      arch/arm64/crypto/chacha-neon-core.o
  CC      arch/arm64/crypto/chacha-neon-glue.o
  CC      kernel/time/timekeeping.o
  CC      mm/mmu_gather.o
  CC      fs/verity/read_metadata.o
  PERLASM arch/arm64/crypto/poly1305-core.S
  CC      arch/arm64/crypto/poly1305-glue.o
  CC      mm/mprotect.o
  CC      fs/verity/verify.o
  CC      kernel/time/ntp.o
  CC [M]  arch/arm64/crypto/sha3-ce-glue.o
  CC      mm/mremap.o
  AS [M]  arch/arm64/crypto/sha3-ce-core.o
  CC [M]  arch/arm64/crypto/ghash-ce-glue.o
  CC      kernel/time/clocksource.o
  CC      fs/verity/signature.o
  AS [M]  arch/arm64/crypto/ghash-ce-core.o
  CC [M]  arch/arm64/crypto/polyval-ce-glue.o
  AR      fs/verity/built-in.a
  CC      fs/iomap/trace.o
  CC      mm/msync.o
  CC      kernel/time/jiffies.o
  AS [M]  arch/arm64/crypto/polyval-ce-core.o
  AS [M]  arch/arm64/crypto/aes-ce-core.o
  CC [M]  arch/arm64/crypto/aes-ce-glue.o
  CC      mm/page_vma_mapped.o
  CC      fs/iomap/iter.o
  CC      kernel/time/timer_list.o
  CC [M]  arch/arm64/crypto/aes-glue-ce.o
  CC      kernel/time/timeconv.o
  CC      fs/iomap/buffered-io.o
  CC      mm/pagewalk.o
  AS [M]  arch/arm64/crypto/aes-ce.o
  LD [M]  arch/arm64/crypto/sha3-ce.o
  CC      kernel/time/timecounter.o
  LD [M]  arch/arm64/crypto/ghash-ce.o
  LD [M]  arch/arm64/crypto/polyval-ce.o
  LD [M]  arch/arm64/crypto/aes-ce-cipher.o
  LD [M]  arch/arm64/crypto/aes-ce-blk.o
  AS      arch/arm64/crypto/poly1305-core.o
  AR      arch/arm64/crypto/built-in.a
  AR      arch/arm64/built-in.a
  CC      kernel/time/alarmtimer.o
  CC      kernel/time/posix-timers.o
  CC      mm/pgtable-generic.o
  CC      mm/rmap.o
  CC      kernel/futex/core.o
  CC      kernel/time/posix-cpu-timers.o
  CC      fs/iomap/direct-io.o
  CC      kernel/futex/syscalls.o
  CC      kernel/time/posix-clock.o
  CC      fs/iomap/fiemap.o
  CC      kernel/futex/pi.o
  CC      kernel/time/itimer.o
  CC      mm/vmalloc.o
  CC      kernel/futex/requeue.o
  CC      kernel/time/clockevents.o
  CC      fs/iomap/seek.o
  CC      kernel/futex/waitwake.o
  CC      kernel/time/tick-common.o
  CC      fs/iomap/swapfile.o
  AR      kernel/futex/built-in.a
  CC      fs/quota/dquot.o
  CC      kernel/time/tick-broadcast.o
  AR      fs/iomap/built-in.a
  CC      mm/process_vm_access.o
  CC      fs/quota/quota.o
  CC      mm/page_alloc.o
  CC      kernel/time/tick-broadcast-hrtimer.o
  CC      ipc/compat.o
  CC      kernel/time/sched_clock.o
  CC      fs/quota/kqid.o
  CC      ipc/util.o
  CC      kernel/time/tick-oneshot.o
  CC      kernel/time/tick-sched.o
  CC      fs/quota/netlink.o
  CC      ipc/msgutil.o
  CC      ipc/msg.o
  AR      fs/quota/built-in.a
  CC      fs/proc/task_mmu.o
  CC      kernel/time/vsyscall.o
  CC      kernel/time/timekeeping_debug.o
  CC      ipc/sem.o
  CC      kernel/time/namespace.o
  CC      mm/shuffle.o
  AR      kernel/time/built-in.a
  CC      kernel/cgroup/cgroup.o
  CC      fs/proc/inode.o
  CC      mm/init-mm.o
  CC      ipc/shm.o
  CC      mm/memblock.o
  CC      fs/proc/root.o
  CC      fs/proc/base.o
  CC      ipc/syscall.o
  CC      mm/memory_hotplug.o
  CC      ipc/ipc_sysctl.o
  CC      ipc/mqueue.o
  CC      fs/proc/generic.o
  CC      mm/slub.o
  CC      kernel/cgroup/rstat.o
  CC      ipc/namespace.o
  CC      fs/proc/array.o
  CC      ipc/mq_sysctl.o
  CC      kernel/cgroup/namespace.o
  AR      ipc/built-in.a
  ASN.1   security/keys/trusted-keys/tpm2key.asn1.[ch]
  CC      security/keys/trusted-keys/trusted_core.o
  CC      fs/proc/fd.o
  CC      kernel/cgroup/cgroup-v1.o
  CC      fs/proc/proc_tty.o
  CC      security/keys/trusted-keys/trusted_tpm1.o
  CC      fs/proc/cmdline.o
  CC      fs/proc/consoles.o
  CC      fs/proc/cpuinfo.o
  CC      kernel/cgroup/freezer.o
  CC      fs/proc/devices.o
  CC      mm/madvise.o
  CC      security/keys/trusted-keys/trusted_tpm2.o
  CC      kernel/cgroup/legacy_freezer.o
  CC      fs/proc/interrupts.o
  CC      fs/proc/loadavg.o
  CC      kernel/cgroup/pids.o
  CC      security/keys/trusted-keys/tpm2key.asn1.o
  AR      security/keys/trusted-keys/built-in.a
  CC      security/keys/encrypted-keys/encrypted.o
  CC      fs/proc/meminfo.o
  CC      mm/page_io.o
  CC      kernel/cgroup/rdma.o
  CC      fs/proc/stat.o
  CC      mm/swap_state.o
  CC      security/keys/encrypted-keys/ecryptfs_format.o
  CC      kernel/cgroup/cpuset.o
  CC      security/keys/encrypted-keys/masterkey_trusted.o
  CC      fs/proc/uptime.o
  CC      fs/proc/util.o
  AR      security/keys/encrypted-keys/built-in.a
  CC      security/keys/gc.o
  CC      fs/proc/version.o
  CC      mm/swapfile.o
  CC      security/keys/key.o
  CC      fs/proc/softirqs.o
  CC      fs/proc/namespaces.o
  CC      fs/proc/self.o
  CC      security/keys/keyring.o
  CC      fs/proc/thread_self.o
  CC      kernel/cgroup/misc.o
  CC      fs/proc/proc_sysctl.o
  AR      kernel/cgroup/built-in.a
  CC      kernel/debug/kdb/kdb_io.o
  CC      mm/swap_slots.o
  CC      security/keys/keyctl.o
  CC      mm/zswap.o
  CC      kernel/debug/kdb/kdb_main.o
  CC      security/keys/permission.o
  CC      fs/proc/proc_net.o
  CC      security/keys/process_keys.o
  CC      mm/dmapool.o
  CC      fs/proc/kcore.o
  CC      kernel/debug/kdb/kdb_support.o
  CC      mm/hugetlb.o
  CC      security/keys/request_key.o
  CC      fs/proc/vmcore.o
  CC      kernel/debug/kdb/kdb_bt.o
  GENKDB  kernel/debug/kdb/gen-kdb_cmds.c
  CC      kernel/debug/kdb/kdb_bp.o
  CC      security/keys/request_key_auth.o
  CC      fs/proc/kmsg.o
  CC      kernel/debug/kdb/kdb_debugger.o
  CC      security/keys/user_defined.o
  CC      fs/proc/page.o
  CC      security/keys/compat.o
  CC      fs/proc/bootconfig.o
  CC      kernel/debug/kdb/kdb_keyboard.o
  AR      fs/proc/built-in.a
  CC      fs/kernfs/mount.o
  CC      security/keys/compat_dh.o
  CC      kernel/debug/kdb/gen-kdb_cmds.o
  AR      kernel/debug/kdb/built-in.a
  CC      kernel/debug/debug_core.o
  CC      security/keys/proc.o
  CC      fs/kernfs/inode.o
  CC      security/keys/sysctl.o
  CC      fs/kernfs/dir.o
  CC      security/keys/persistent.o
  CC      mm/mempolicy.o
  CC      kernel/debug/gdbstub.o
  CC      security/keys/dh.o
  CC      security/keys/keyctl_pkey.o
  CC      fs/kernfs/file.o
  AR      kernel/debug/built-in.a
  CC      kernel/trace/rv/rv.o
  CC      security/keys/big_key.o
  CC      kernel/trace/rv/monitors/wwnr/wwnr.o
  CC      fs/kernfs/symlink.o
  AR      security/keys/built-in.a
  GEN     security/selinux/flask.h security/selinux/av_permissions.h
  CC      security/selinux/avc.o
  CC      mm/sparse.o
  AR      fs/kernfs/built-in.a
  CC      fs/sysfs/file.o
  CC      kernel/trace/rv/rv_reactors.o
  CC      kernel/trace/rv/reactor_printk.o
  CC      fs/sysfs/dir.o
  CC      mm/sparse-vmemmap.o
  CC      security/selinux/hooks.o
  CC      kernel/trace/rv/reactor_panic.o
  CC      fs/sysfs/symlink.o
  AR      kernel/trace/rv/built-in.a
  CC      kernel/trace/trace_clock.o
  CC      mm/mmu_notifier.o
  CC      fs/sysfs/mount.o
  CC      kernel/trace/ftrace.o
  CC      mm/ksm.o
  CC      fs/sysfs/group.o
  AR      fs/sysfs/built-in.a
  CC      fs/configfs/inode.o
  CC      fs/configfs/file.o
  CC      security/selinux/selinuxfs.o
  CC      fs/configfs/dir.o
  CC      kernel/trace/ring_buffer.o
  CC      mm/page_poison.o
  CC      security/selinux/netlink.o
  CC      fs/configfs/symlink.o
  CC      security/selinux/nlmsgtab.o
  CC      mm/memtest.o
  CC      fs/configfs/mount.o
  CC      mm/migrate.o
  CC      fs/configfs/item.o
  CC      security/selinux/netif.o
  AR      fs/configfs/built-in.a
  CC      fs/devpts/inode.o
  CC      security/selinux/netnode.o
  CC      kernel/trace/trace.o
  AR      fs/devpts/built-in.a
  CC      fs/ext4/balloc.o
  CC      security/selinux/netport.o
  CC      mm/memory-tiers.o
  CC      fs/ext4/bitmap.o
  CC      security/selinux/status.o
  CC      fs/ext4/block_validity.o
  CC      mm/migrate_device.o
  CC      security/selinux/ss/ebitmap.o
  CC      fs/ext4/dir.o
  CC      security/selinux/ss/hashtab.o
  CC      fs/ext4/ext4_jbd2.o
  CC      security/selinux/ss/symtab.o
  CC      security/selinux/ss/sidtab.o
  CC      mm/huge_memory.o
  CC      fs/ext4/extents.o
  CC      kernel/trace/trace_output.o
  CC      security/selinux/ss/avtab.o
  CC      security/selinux/ss/policydb.o
  CC      kernel/trace/trace_seq.o
  CC      kernel/trace/trace_stat.o
  CC      mm/khugepaged.o
  CC      fs/ext4/extents_status.o
  CC      kernel/trace/trace_printk.o
  CC      security/selinux/ss/services.o
  CC      kernel/trace/pid_list.o
  CC      fs/ext4/file.o
  CC      kernel/trace/tracing_map.o
  CC      mm/page_counter.o
  CC      fs/ext4/fsmap.o
  CC      mm/memcontrol.o
  CC      security/selinux/ss/conditional.o
  CC      kernel/trace/trace_sched_switch.o
  CC      fs/ext4/fsync.o
  CC      kernel/trace/trace_functions.o
  CC      security/selinux/ss/mls.o
  CC      fs/ext4/hash.o
  CC      kernel/trace/trace_sched_wakeup.o
  CC      security/selinux/ss/context.o
  CC      fs/ext4/ialloc.o
  CC      kernel/trace/trace_hwlat.o
  CC      security/selinux/netlabel.o
  CC      kernel/trace/trace_osnoise.o
  CC      fs/ext4/indirect.o
  CC      security/selinux/ima.o
  AR      security/selinux/built-in.a
  CC      security/smack/smack_lsm.o
  CC      fs/ext4/inline.o
  CC      mm/vmpressure.o
  CC      kernel/trace/trace_nop.o
  CC      mm/swap_cgroup.o
  CC      kernel/trace/trace_stack.o
  CC      mm/hugetlb_cgroup.o
  CC      fs/ext4/inode.o
  CC      kernel/trace/trace_functions_graph.o
  CC      security/smack/smack_access.o
  CC      mm/memory-failure.o
  CC      kernel/trace/blktrace.o
  CC      security/smack/smackfs.o
  CC      kernel/trace/fgraph.o
  CC      mm/page_isolation.o
  CC      security/smack/smack_netfilter.o
  CC      fs/ext4/ioctl.o
  CC      kernel/trace/trace_events.o
  CC      mm/zpool.o
  AR      security/smack/built-in.a
  CC      security/tomoyo/audit.o
  CC      mm/zsmalloc.o
  CC      fs/ext4/mballoc.o
  POLICY  security/tomoyo/builtin-policy.h
  CC      security/tomoyo/condition.o
  CC      kernel/trace/trace_export.o
  CC      security/tomoyo/domain.o
  CC      mm/early_ioremap.o
  CC      kernel/trace/trace_syscalls.o
  CC      mm/cma.o
  CC      kernel/trace/trace_event_perf.o
  CC      security/tomoyo/environ.o
  CC      mm/balloon_compaction.o
  CC      fs/ext4/migrate.o
  CC      security/tomoyo/file.o
  CC      kernel/trace/trace_events_filter.o
  CC      fs/ext4/mmp.o
  CC      mm/secretmem.o
  CC      security/tomoyo/gc.o
  CC      fs/ext4/move_extent.o
  CC      mm/cma_sysfs.o
  CC      kernel/trace/trace_events_trigger.o
  CC      mm/userfaultfd.o
  CC      security/tomoyo/group.o
  CC      fs/ext4/namei.o
  CC      security/tomoyo/load_policy.o
  CC      kernel/trace/trace_eprobe.o
  CC      mm/page_idle.o
  CC      security/tomoyo/memory.o
  CC      mm/usercopy.o
  CC      kernel/trace/trace_events_inject.o
  CC      security/tomoyo/mount.o
  CC      fs/ext4/page-io.o
  CC      mm/memremap.o
  CC      kernel/trace/trace_events_synth.o
  CC      security/tomoyo/network.o
  CC      fs/ext4/readpage.o
  CC      mm/memfd.o
  CC      kernel/trace/trace_events_hist.o
  CC      security/tomoyo/realpath.o
  CC      fs/ext4/resize.o
  CC      mm/mapping_dirty_helpers.o
  CC      security/tomoyo/securityfs_if.o
  CC      mm/ptdump.o
  CC      fs/ext4/super.o
  CC      mm/page_reporting.o
  CC      security/tomoyo/tomoyo.o
  CC      security/tomoyo/util.o
  CC      mm/ioremap.o
  CC      kernel/trace/trace_events_user.o
  AR      mm/built-in.a
  CC      security/apparmor/apparmorfs.o
  CC      security/tomoyo/common.o
  CC      kernel/trace/bpf_trace.o
  CC      security/apparmor/audit.o
  AR      security/tomoyo/built-in.a
  CC      kernel/bpf/core.o
  GEN     security/apparmor/capability_names.h
  CC      security/apparmor/task.o
  CC      security/apparmor/ipc.o
  CC      kernel/trace/trace_kprobe.o
  CC      security/apparmor/lib.o
  CC      fs/ext4/symlink.o
  CC      kernel/bpf/syscall.o
  CC      fs/ext4/sysfs.o
  CC      security/apparmor/match.o
  CC      fs/ext4/xattr.o
  CC      kernel/trace/error_report-traces.o
  CC      security/apparmor/path.o
  CC      kernel/trace/power-traces.o
  CC      security/apparmor/domain.o
  CC      fs/ext4/xattr_hurd.o
  CC      fs/ext4/xattr_trusted.o
  CC      kernel/trace/rpm-traces.o
  CC      kernel/bpf/verifier.o
  CC      fs/ext4/xattr_user.o
  CC      security/apparmor/policy.o
  CC      fs/ext4/fast_commit.o
  CC      kernel/trace/trace_kdb.o
  CC      kernel/trace/trace_dynevent.o
  CC      security/apparmor/policy_unpack.o
  CC      fs/ext4/orphan.o
  CC      kernel/trace/trace_probe.o
  CC      fs/ext4/acl.o
  CC      security/apparmor/procattr.o
  CC      kernel/trace/trace_btf.o
  CC      fs/ext4/xattr_security.o
  CC      kernel/trace/trace_uprobe.o
  CC      fs/ext4/verity.o
  CC      security/apparmor/lsm.o
  CC      fs/ext4/crypto.o
  CC      kernel/trace/trace_boot.o
  AR      fs/ext4/built-in.a
  CC      fs/jbd2/transaction.o
  AR      kernel/trace/built-in.a
  CC      kernel/events/core.o
  GEN     security/apparmor/rlim_names.h
  CC      security/apparmor/secid.o
  CC      fs/jbd2/commit.o
  CC      security/apparmor/file.o
  CC      fs/jbd2/recovery.o
  CC      security/apparmor/policy_ns.o
  CC      kernel/bpf/inode.o
  CC      fs/jbd2/checkpoint.o
  CC      security/apparmor/label.o
  CC      fs/jbd2/revoke.o
  CC      kernel/bpf/helpers.o
  CC      fs/jbd2/journal.o
  CC      security/apparmor/mount.o
  CC      kernel/bpf/tnum.o
  CC      kernel/bpf/log.o
  CC      kernel/events/ring_buffer.o
  GEN     security/apparmor/net_names.h
  GEN     security/apparmor/net_names.h
  CC      security/apparmor/policy_compat.o
  CC      kernel/events/callchain.o
  AR      fs/jbd2/built-in.a
  CC      fs/squashfs/block.o
  CC      kernel/bpf/bpf_iter.o
  CC      security/apparmor/crypto.o
  CC      kernel/events/hw_breakpoint.o
  CC      fs/squashfs/cache.o
  CC      security/apparmor/capability.o
  CC      kernel/bpf/map_iter.o
  CC      fs/squashfs/dir.o
  CC      fs/squashfs/export.o
  CC      kernel/events/uprobes.o
  CC      kernel/bpf/task_iter.o
  CC      fs/squashfs/file.o
  CC      security/apparmor/resource.o
  CC      fs/squashfs/fragment.o
  CC      kernel/bpf/prog_iter.o
  CC      security/apparmor/net.o
  CC      fs/squashfs/id.o
  CC      fs/squashfs/inode.o
  CC      kernel/bpf/link_iter.o
  AR      kernel/events/built-in.a
  CC      kernel/fork.o
  CC      fs/squashfs/namei.o
  AR      security/apparmor/built-in.a
  CC      security/yama/yama_lsm.o
  CC      kernel/bpf/hashtab.o
  CC      fs/squashfs/super.o
  AR      security/yama/built-in.a
  CC      security/safesetid/lsm.o
  CC      fs/squashfs/symlink.o
  CC      security/safesetid/securityfs.o
  CC      fs/squashfs/decompressor.o
  AR      security/safesetid/built-in.a
  CC      security/lockdown/lockdown.o
  CC      fs/squashfs/page_actor.o
  AR      security/lockdown/built-in.a
  CC      security/bpf/hooks.o
  CC      kernel/bpf/arraymap.o
  CC      security/landlock/setup.o
  CC      fs/squashfs/file_direct.o
  AR      security/bpf/built-in.a
  CC      kernel/bpf/percpu_freelist.o
  CC      security/landlock/syscalls.o
  CC      fs/ramfs/inode.o
  CC      fs/squashfs/decompressor_single.o
  CC      fs/ramfs/file-mmu.o
  CC      kernel/bpf/bpf_lru_list.o
  CC      security/landlock/object.o
  CC      fs/squashfs/decompressor_multi.o
  CC      security/landlock/ruleset.o
  AR      fs/ramfs/built-in.a
  CC      fs/hugetlbfs/inode.o
  CC      kernel/bpf/lpm_trie.o
  CC      fs/squashfs/decompressor_multi_percpu.o
  CC      security/landlock/cred.o
  CC      security/landlock/ptrace.o
  CC      fs/squashfs/xattr.o
  CC      kernel/bpf/map_in_map.o
  AR      fs/hugetlbfs/built-in.a
  CC      fs/fat/cache.o
  CC      security/landlock/fs.o
  CC      fs/squashfs/xattr_id.o
  CC      fs/squashfs/lz4_wrapper.o
  CC      kernel/bpf/bloom_filter.o
  CC      fs/fat/dir.o
  CC      security/landlock/net.o
  CC      fs/squashfs/lzo_wrapper.o
  CC      kernel/bpf/local_storage.o
  AR      security/landlock/built-in.a
  CC      fs/squashfs/xz_wrapper.o
  CC      security/integrity/ima/ima_fs.o
  CC      fs/squashfs/zlib_wrapper.o
  CC      kernel/bpf/queue_stack_maps.o
  CC      security/integrity/ima/ima_queue.o
  CC      fs/fat/fatent.o
  CC      fs/squashfs/zstd_wrapper.o
  CC      kernel/bpf/ringbuf.o
  CC      security/integrity/ima/ima_init.o
  AR      fs/squashfs/built-in.a
  CC      security/integrity/evm/evm_main.o
  CC      security/integrity/ima/ima_main.o
  CC      fs/fat/file.o
  CC      kernel/bpf/bpf_local_storage.o
  CC      security/integrity/evm/evm_crypto.o
  CC      security/integrity/ima/ima_crypto.o
  CC      kernel/bpf/bpf_task_storage.o
  CC      fs/fat/inode.o
  CC      security/integrity/evm/evm_secfs.o
  CC      security/integrity/ima/ima_api.o
  CC      kernel/bpf/bpf_inode_storage.o
  CC      security/integrity/evm/evm_posix_acl.o
  AR      security/integrity/evm/built-in.a
  CC      crypto/asymmetric_keys/asymmetric_type.o
  CC      security/integrity/ima/ima_policy.o
  CC      fs/fat/misc.o
  CC      kernel/bpf/disasm.o
  CC      crypto/asymmetric_keys/restrict.o
  CC      kernel/bpf/mprog.o
  CC      fs/fat/nfs.o
  CC      security/integrity/ima/ima_template.o
  CC      crypto/asymmetric_keys/signature.o
  CC      fs/fat/namei_vfat.o
  CC      kernel/bpf/trampoline.o
  CC      crypto/asymmetric_keys/public_key.o
  CC      security/integrity/ima/ima_template_lib.o
  ASN.1   crypto/asymmetric_keys/x509.asn1.[ch]
  ASN.1   crypto/asymmetric_keys/x509_akid.asn1.[ch]
  CC      crypto/asymmetric_keys/x509_loader.o
  CC      security/integrity/ima/ima_appraise.o
  AR      fs/fat/built-in.a
  CC      fs/ecryptfs/dentry.o
  CC      crypto/asymmetric_keys/x509_public_key.o
  CC      kernel/bpf/btf.o
  CC      fs/ecryptfs/file.o
  ASN.1   crypto/asymmetric_keys/pkcs7.asn1.[ch]
  CC      crypto/asymmetric_keys/pkcs7_trust.o
  CC      security/integrity/ima/ima_modsig.o
  CC      crypto/asymmetric_keys/pkcs7_verify.o
  CC      fs/ecryptfs/inode.o
  CC      security/integrity/ima/ima_kexec.o
  CC      crypto/asymmetric_keys/verify_pefile.o
  CC      security/integrity/ima/ima_asymmetric_keys.o
  CC      fs/ecryptfs/main.o
  ASN.1   crypto/asymmetric_keys/mscode.asn1.[ch]
  CC      crypto/asymmetric_keys/x509.asn1.o
  CC      crypto/asymmetric_keys/x509_akid.asn1.o
  CC      crypto/asymmetric_keys/x509_cert_parser.o
  CC      security/integrity/ima/ima_queue_keys.o
  CC      fs/ecryptfs/super.o
  CC      crypto/asymmetric_keys/pkcs7.asn1.o
  CC      crypto/asymmetric_keys/pkcs7_parser.o
  CC      security/integrity/ima/ima_efi.o
  CC      fs/ecryptfs/mmap.o
  CC      crypto/asymmetric_keys/mscode_parser.o
  AR      security/integrity/ima/built-in.a
  CC      security/integrity/iint.o
  CC      crypto/asymmetric_keys/mscode.asn1.o
  AR      crypto/asymmetric_keys/built-in.a
  CC      crypto/api.o
  CC      fs/ecryptfs/read_write.o
  CC      security/integrity/integrity_audit.o
  CC      security/integrity/digsig.o
  CC      fs/ecryptfs/crypto.o
  CC      crypto/cipher.o
  CC      security/integrity/digsig_asymmetric.o
  CC      kernel/bpf/memalloc.o
  CC      security/integrity/platform_certs/platform_keyring.o
  CC      crypto/compress.o
  CC      fs/ecryptfs/keystore.o
  CC      security/integrity/platform_certs/machine_keyring.o
  CC      crypto/algapi.o
  CC      security/integrity/platform_certs/efi_parser.o
  CC      kernel/bpf/dispatcher.o
  CC      security/integrity/platform_certs/load_uefi.o
  CC      fs/ecryptfs/kthread.o
  CC      security/integrity/platform_certs/keyring_handler.o
  CC      kernel/bpf/devmap.o
  CC      fs/ecryptfs/debug.o
  CC      crypto/scatterwalk.o
  AR      security/integrity/built-in.a
  CC      security/commoncap.o
  CC      fs/ecryptfs/messaging.o
  CC      crypto/proc.o
  CC      fs/ecryptfs/miscdev.o
  CC      kernel/bpf/cpumap.o
  CC      security/lsm_syscalls.o
  CC      crypto/aead.o
  CC      security/min_addr.o
  AR      fs/ecryptfs/built-in.a
  CC      fs/exportfs/expfs.o
  CC      security/security.o
  CC      kernel/bpf/offload.o
  CC      crypto/geniv.o
  AR      fs/exportfs/built-in.a
  CC      fs/nls/nls_base.o
  CC      fs/nls/nls_cp437.o
  CC      crypto/lskcipher.o
  CC [M]  fs/nls/nls_iso8859-1.o
  AR      fs/nls/built-in.a
  CC      fs/unicode/utf8-norm.o
  CC      kernel/bpf/net_namespace.o
  CC      fs/unicode/utf8-core.o
  CC      crypto/skcipher.o
  CC      security/inode.o
  CC      kernel/bpf/tcx.o
  COPY    fs/unicode/utf8data.c
  CC      fs/unicode/utf8data.o
  AR      fs/unicode/built-in.a
  CC      fs/fuse/dev.o
  CC      crypto/seqiv.o
  CC      security/lsm_audit.o
  CC      kernel/bpf/stackmap.o
  CC      crypto/ahash.o
  CC      security/device_cgroup.o
  CC      kernel/bpf/cgroup_iter.o
  CC      crypto/shash.o
  CC      kernel/bpf/bpf_cgrp_storage.o
  CC      fs/fuse/dir.o
  AR      security/built-in.a
  CC      kernel/bpf/cgroup.o
  CC      block/partitions/core.o
  CC      crypto/akcipher.o
  CC      fs/fuse/file.o
  CC      crypto/sig.o
  CC      block/partitions/amiga.o
  CC      block/partitions/atari.o
  CC      crypto/kpp.o
  CC      kernel/bpf/reuseport_array.o
  CC      block/partitions/aix.o
  CC      fs/fuse/inode.o
  CC      crypto/dh.o
  CC      block/partitions/cmdline.o
  CC      kernel/bpf/sysfs_btf.o
  CC      crypto/dh_helper.o
  CC      kernel/bpf/bpf_struct_ops.o
  ASN.1   crypto/rsapubkey.asn1.[ch]
  ASN.1   crypto/rsaprivkey.asn1.[ch]
  CC      crypto/rsa.o
  CC      block/partitions/mac.o
  CC      crypto/rsa_helper.o
  CC      fs/fuse/control.o
  CC      crypto/rsa-pkcs1pad.o
  CC      block/partitions/ldm.o
  CC      kernel/bpf/cpumask.o
  CC      fs/fuse/xattr.o
  CC      crypto/acompress.o
  CC      kernel/bpf/bpf_lsm.o
  CC      fs/fuse/acl.o
  CC      block/partitions/msdos.o
  CC      crypto/scompress.o
  CC      fs/fuse/readdir.o
  CC      block/partitions/osf.o
  CC      kernel/bpf/relo_core.o
  CC      fs/fuse/ioctl.o
  CC      block/partitions/sgi.o
  CC      crypto/algboss.o
  CC      block/partitions/sun.o
  AR      kernel/bpf/built-in.a
  CC      kernel/exec_domain.o
  CC      crypto/testmgr.o
  AR      fs/fuse/built-in.a
  AR      fs/hostfs/built-in.a
  CC      fs/debugfs/inode.o
  CC      kernel/panic.o
  CC      block/partitions/ultrix.o
  CC      crypto/hmac.o
  CC      block/partitions/efi.o
  CC      crypto/crypto_null.o
  CC      fs/debugfs/file.o
  CC      kernel/cpu.o
  CC      block/partitions/karma.o
  CC      crypto/md5.o
  CC      block/partitions/sysv68.o
  AR      fs/debugfs/built-in.a
  CC      fs/tracefs/inode.o
  CC      crypto/sha1_generic.o
  AR      block/partitions/built-in.a
  CC      block/bdev.o
  CC      fs/tracefs/event_inode.o
  CC      crypto/sha256_generic.o
  CC      kernel/exit.o
  AR      fs/tracefs/built-in.a
  CC      fs/pstore/inode.o
  CC      crypto/sha512_generic.o
  CC      fs/pstore/platform.o
  CC      block/fops.o
  CC      crypto/sha3_generic.o
  AR      fs/pstore/built-in.a
  CC      fs/efivarfs/inode.o
  CC      block/bio.o
  CC      kernel/softirq.o
  CC      crypto/ecb.o
  CC      fs/efivarfs/file.o
  CC      crypto/cbc.o
  CC      fs/efivarfs/super.o
  CC      crypto/cts.o
  CC      fs/efivarfs/vars.o
  CC      kernel/resource.o
  CC      crypto/xts.o
  CC      block/elevator.o
  AR      fs/efivarfs/built-in.a
  CC [M]  fs/autofs/init.o
  CC      crypto/ctr.o
  CC [M]  fs/autofs/inode.o
  CC      crypto/gcm.o
  CC      kernel/sysctl.o
  CC [M]  fs/autofs/root.o
  CC      block/blk-core.o
  CC      crypto/aes_generic.o
  CC [M]  fs/autofs/symlink.o
  CC [M]  fs/autofs/waitq.o
  CC      crypto/deflate.o
  CC [M]  fs/autofs/expire.o
  CC      kernel/capability.o
  CC      crypto/crc32c_generic.o
  CC [M]  fs/autofs/dev-ioctl.o
  CC      crypto/crct10dif_common.o
  CC      block/blk-sysfs.o
  LD [M]  fs/autofs/autofs4.o
  CC      fs/open.o
  CC      kernel/ptrace.o
  CC      crypto/crct10dif_generic.o
  CC      crypto/crc64_rocksoft_generic.o
  CC      block/blk-flush.o
  CC      crypto/lzo.o
  CC      crypto/lzo-rle.o
  CC      kernel/user.o
  CC      fs/read_write.o
  CC      block/blk-settings.o
  CC      crypto/rng.o
  CC      kernel/signal.o
  CC      crypto/drbg.o
  CC      block/blk-ioc.o
  CC      fs/file_table.o
  CC      crypto/jitterentropy.o
  CC      crypto/jitterentropy-kcapi.o
  CC      block/blk-map.o
  CC      crypto/ghash-generic.o
  CC      crypto/ecc.o
  CC      fs/super.o
  CC      kernel/sys.o
  CC      block/blk-merge.o
  CC      crypto/ecdh.o
  CC      fs/char_dev.o
  CC      crypto/ecdh_helper.o
  CC      block/blk-timeout.o
  CC      kernel/umh.o
  CC      crypto/hash_info.o
  CC      crypto/kdf_sp800108.o
  CC      fs/stat.o
  CC      block/blk-lib.o
  CC [M]  crypto/sm4.o
  CC      kernel/workqueue.o
  CC [M]  crypto/sm4_generic.o
  CC [M]  crypto/polyval-generic.o
  CC      block/blk-mq.o
  CC      fs/exec.o
  CC      crypto/rsapubkey.asn1.o
  CC      crypto/rsaprivkey.asn1.o
  AR      crypto/built-in.a
  CC      io_uring/io_uring.o
  CC      fs/pipe.o
  CC      kernel/pid.o
  CC      block/blk-mq-tag.o
  CC      fs/namei.o
  CC      io_uring/xattr.o
  CC      kernel/task_work.o
  CC      block/blk-stat.o
  CC      kernel/extable.o
  CC      io_uring/nop.o
  CC      io_uring/fs.o
  CC      kernel/params.o
  CC      block/blk-mq-sysfs.o
  CC      io_uring/splice.o
  CC      block/blk-mq-cpumap.o
  CC      kernel/kthread.o
  CC      io_uring/sync.o
  CC      fs/fcntl.o
  CC      io_uring/advise.o
  CC      block/blk-mq-sched.o
  CC      io_uring/filetable.o
  CC      kernel/sys_ni.o
  CC      kernel/nsproxy.o
  CC      fs/ioctl.o
  CC      io_uring/openclose.o
  CC      block/ioctl.o
  CC      kernel/notifier.o
  CC      fs/readdir.o
  CC      io_uring/uring_cmd.o
  CC      kernel/ksysfs.o
  CC      block/genhd.o
  CC      fs/select.o
  CC      kernel/cred.o
  CC      io_uring/epoll.o
  CC      io_uring/statx.o
  CC      block/ioprio.o
  CC      io_uring/net.o
  CC      kernel/reboot.o
  CC      block/badblocks.o
  CC      fs/dcache.o
  CC      block/blk-rq-qos.o
  CC      kernel/async.o
  CC      io_uring/msg_ring.o
  CC      block/disk-events.o
  CC      kernel/range.o
  CC      kernel/smpboot.o
  CC      io_uring/timeout.o
  CC      fs/inode.o
  CC      kernel/ucount.o
  CC      block/blk-ia-ranges.o
  CC      io_uring/sqpoll.o
  CC      kernel/regset.o
  CC      kernel/ksyms_common.o
  CC      block/early-lookup.o
  CC      io_uring/fdinfo.o
  CC      kernel/groups.o
  CC      block/bsg.o
  CC      fs/attr.o
  CC      io_uring/tctx.o
  CC      kernel/kcmp.o
  CC      fs/bad_inode.o
  CC      block/bsg-lib.o
  CC      io_uring/poll.o
  CC      kernel/freezer.o
  CC      fs/file.o
  CC      io_uring/cancel.o
  CC      block/blk-cgroup.o
  CC      kernel/profile.o
  CC      io_uring/kbuf.o
  CC      kernel/stacktrace.o
  CC      fs/filesystems.o
  CC      io_uring/rsrc.o
  CC      block/blk-cgroup-rwstat.o
  CC      kernel/smp.o
  CC      fs/namespace.o
  CC      io_uring/rw.o
  CC      block/blk-throttle.o
  CC      kernel/uid16.o
  CC      kernel/module_signature.o
  CC      io_uring/opdef.o
  CC      kernel/kallsyms.o
  CC      block/blk-ioprio.o
  CC      block/blk-iocost.o
  CC      io_uring/notif.o
  CC      kernel/acct.o
  CC      io_uring/waitid.o
  CC      fs/seq_file.o
  CC      kernel/crash_core.o
  CC      io_uring/register.o
  CC      fs/xattr.o
  CC      block/mq-deadline.o
  CC      kernel/kexec_core.o
  CC      io_uring/io-wq.o
  CC      fs/libfs.o
  CC      block/bio-integrity.o
  CC      kernel/kexec.o
  CC      io_uring/futex.o
  CC      kernel/kexec_file.o
  CC      block/blk-integrity.o
  AR      io_uring/built-in.a
  CC      fs/fs-writeback.o
  CC      block/t10-pi.o
  CC      kernel/compat.o
  CC      kernel/utsname.o
  AS      arch/arm64/lib/clear_page.o
  CC      block/blk-mq-pci.o
  CC      kernel/user_namespace.o
  AS      arch/arm64/lib/clear_user.o
  AS      arch/arm64/lib/copy_from_user.o
  AS      arch/arm64/lib/copy_page.o
  AS      arch/arm64/lib/copy_to_user.o
  CC      block/blk-mq-virtio.o
  CC      kernel/pid_namespace.o
  CC      arch/arm64/lib/csum.o
  CC      fs/pnode.o
  CC      arch/arm64/lib/delay.o
  CC      block/blk-zoned.o
  CC      fs/splice.o
  CC      kernel/stop_machine.o
  CC      arch/arm64/lib/insn.o
  AS      arch/arm64/lib/memchr.o
  CC      kernel/audit.o
  CC      block/blk-wbt.o
  AS      arch/arm64/lib/memcmp.o
  AS      arch/arm64/lib/memcpy.o
  CC      fs/sync.o
  AS      arch/arm64/lib/memset.o
  AS      arch/arm64/lib/strchr.o
  AS      arch/arm64/lib/strcmp.o
  AS      arch/arm64/lib/strlen.o
  CC      block/blk-mq-debugfs.o
  AS      arch/arm64/lib/strncmp.o
  CC      fs/utimes.o
  CC      kernel/auditfilter.o
  AS      arch/arm64/lib/strnlen.o
  AS      arch/arm64/lib/strrchr.o
  CC      fs/d_path.o
  AS      arch/arm64/lib/tishift.o
  CC      arch/arm64/lib/uaccess_flushcache.o
  CC      block/blk-mq-debugfs-zoned.o
  CC      kernel/auditsc.o
  CC      block/sed-opal.o
  CC      fs/stack.o
  AS      arch/arm64/lib/crc32.o
  CC      arch/arm64/lib/error-inject.o
  AS      arch/arm64/lib/mte.o
  AR      arch/arm64/lib/lib.a
  AR      arch/arm64/lib/built-in.a
  CC      fs/fs_struct.o
  CC      lib/math/div64.o
  CC      lib/math/gcd.o
  CC      lib/math/lcm.o
  CC      lib/math/int_log.o
  CC      lib/math/int_pow.o
  CC      fs/statfs.o
  CC      lib/math/int_sqrt.o
  CC      lib/math/reciprocal_div.o
  CC      lib/math/rational.o
  CC      kernel/audit_watch.o
  CC      block/blk-pm.o
  AR      lib/math/built-in.a
  CC      lib/crypto/mpi/generic_mpih-lshift.o
  CC      fs/fs_pin.o
  CC      kernel/audit_fsnotify.o
  CC      lib/crypto/mpi/generic_mpih-mul1.o
  CC      fs/nsfs.o
  CC      lib/crypto/mpi/generic_mpih-mul2.o
  CC      block/blk-crypto.o
  CC      kernel/audit_tree.o
  CC      lib/crypto/mpi/generic_mpih-mul3.o
  CC      fs/fs_types.o
  CC      lib/crypto/mpi/generic_mpih-rshift.o
  CC      block/blk-crypto-profile.o
  CC      kernel/kprobes.o
  CC      fs/fs_context.o
  CC      lib/crypto/mpi/generic_mpih-sub1.o
  CC      lib/crypto/mpi/generic_mpih-add1.o
  CC      lib/crypto/mpi/ec.o
  CC      block/blk-crypto-sysfs.o
  CC      fs/fs_parser.o
  CC      kernel/hung_task.o
  CC      block/blk-crypto-fallback.o
  CC      lib/crypto/mpi/mpicoder.o
  CC      fs/fsopen.o
  CC      block/holder.o
  CC      kernel/watchdog.o
  CC      fs/init.o
  CC      lib/crypto/mpi/mpi-add.o
  CC      fs/kernel_read_file.o
  AR      block/built-in.a
  CC      lib/crypto/memneq.o
  CC      lib/crypto/mpi/mpi-bit.o
  CC      kernel/watchdog_perf.o
  CC      lib/crypto/utils.o
  CC      fs/mnt_idmapping.o
  CC      kernel/seccomp.o
  CC      lib/crypto/mpi/mpi-cmp.o
  AR      drivers/cache/built-in.a
  CC      drivers/irqchip/irqchip.o
  CC      fs/remap_range.o
  CC      lib/crypto/mpi/mpi-sub-ui.o
  CC      drivers/irqchip/irq-al-fic.o
  CC      fs/buffer.o
  CC      kernel/relay.o
  CC      lib/crypto/mpi/mpi-div.o
  CC      drivers/irqchip/irq-owl-sirq.o
  CC      lib/crypto/mpi/mpi-inv.o
  CC      drivers/irqchip/irq-tegra.o
  CC      kernel/utsname_sysctl.o
  CC      lib/crypto/mpi/mpi-mod.o
  CC      kernel/delayacct.o
  CC      drivers/irqchip/irq-dw-apb-ictl.o
  CC      lib/crypto/mpi/mpi-mul.o
  CC      kernel/taskstats.o
  CC      drivers/irqchip/irq-sun6i-r.o
  CC      lib/crypto/mpi/mpih-cmp.o
  CC      drivers/irqchip/irq-sunxi-nmi.o
  CC      kernel/tsacct.o
  CC      fs/mpage.o
  CC      lib/crypto/mpi/mpih-div.o
  CC      kernel/tracepoint.o
  CC      drivers/irqchip/irq-gic.o
  CC      lib/crypto/mpi/mpih-mul.o
  CC      kernel/latencytop.o
  CC      fs/proc_namespace.o
  CC      lib/crypto/mpi/mpi-pow.o
  CC      drivers/irqchip/irq-gic-common.o
  CC      kernel/irq_work.o
  CC      drivers/irqchip/irq-gic-pm.o
  CC      fs/direct-io.o
  CC      lib/crypto/mpi/mpiutil.o
  CC      drivers/irqchip/irq-gic-v2m.o
  CC      kernel/cpu_pm.o
  AR      lib/crypto/mpi/built-in.a
  CC      lib/crypto/chacha.o
  CC      drivers/irqchip/irq-gic-v3.o
  CC      kernel/scs.o
  CC      lib/crypto/libchacha.o
  CC      fs/eventpoll.o
  CC      kernel/numa.o
  CC      kernel/crash_dump.o
  CC      lib/crypto/aes.o
  CC      kernel/jump_label.o
  CC      lib/crypto/gf128mul.o
  CC      fs/anon_inodes.o
  CC      drivers/irqchip/irq-gic-v3-mbi.o
  CC      lib/crypto/blake2s.o
  CC      kernel/context_tracking.o
  CC      drivers/irqchip/irq-gic-v3-its.o
  CC      fs/signalfd.o
  CC      lib/crypto/blake2s-generic.o
  CC      fs/timerfd.o
  CC      lib/crypto/chacha20poly1305.o
  CC      kernel/iomem.o
  CC      fs/eventfd.o
  CC      kernel/rseq.o
  CC      lib/crypto/sha1.o
  CC      lib/crypto/sha256.o
  CC      kernel/watch_queue.o
  CC      fs/userfaultfd.o
  CC      drivers/irqchip/irq-gic-v3-its-platform-msi.o
  AR      lib/crypto/built-in.a
  CC      lib/zlib_inflate/inffast.o
  CC      drivers/irqchip/irq-gic-v4.o
  CC      lib/zlib_inflate/inflate.o
  UPD     kernel/config_data
  GZIP    kernel/config_data.gz
  AR      kernel/built-in.a
  CC [M]  kernel/configs.o
  CC      drivers/irqchip/irq-gic-v3-its-pci-msi.o
  CC      lib/zlib_inflate/infutil.o
  CC      fs/aio.o
  CC      drivers/bus/fsl-mc/fsl-mc-bus.o
  CC      lib/zlib_inflate/inftrees.o
  CC      lib/zlib_inflate/inflate_syms.o
  CC      drivers/irqchip/irq-gic-v3-its-fsl-mc-msi.o
  AR      lib/zlib_inflate/built-in.a
  CC      drivers/irqchip/irq-partition-percpu.o
  CC      lib/zlib_deflate/deflate.o
  CC      drivers/bus/fsl-mc/mc-sys.o
  CC      drivers/irqchip/irq-mbigen.o
  CC      lib/zlib_deflate/deftree.o
  CC      drivers/irqchip/irq-renesas-irqc.o
  CC      drivers/bus/fsl-mc/mc-io.o
  CC      lib/zlib_deflate/deflate_syms.o
  CC      fs/dax.o
  CC      drivers/irqchip/irq-renesas-rzg2l.o
  AR      lib/zlib_deflate/built-in.a
  CC      lib/lzo/lzo1x_compress.o
  CC      drivers/bus/fsl-mc/dpbp.o
  CC      drivers/irqchip/irq-xilinx-intc.o
  CC      lib/lzo/lzo1x_decompress_safe.o
  CC      drivers/bus/fsl-mc/dpcon.o
  CC      drivers/irqchip/irq-mtk-sysirq.o
  AR      lib/lzo/built-in.a
  CC      lib/lz4/lz4_decompress.o
  CC      drivers/bus/fsl-mc/dprc.o
  CC      drivers/irqchip/irq-mtk-cirq.o
  CC      fs/locks.o
  CC      drivers/irqchip/irq-imx-gpcv2.o
  CC      drivers/bus/fsl-mc/dprc-driver.o
  CC      drivers/irqchip/irq-mvebu-gicp.o
  AR      lib/lz4/built-in.a
  CC      lib/zstd/zstd_compress_module.o
  CC      drivers/bus/fsl-mc/fsl-mc-allocator.o
  CC      drivers/irqchip/irq-mvebu-icu.o
  CC      lib/zstd/compress/fse_compress.o
  CC      drivers/irqchip/irq-mvebu-odmi.o
  CC      drivers/bus/fsl-mc/fsl-mc-msi.o
  CC      lib/zstd/compress/hist.o
  CC      lib/zstd/compress/huf_compress.o
  CC      fs/binfmt_script.o
  CC      drivers/irqchip/irq-mvebu-pic.o
  CC      drivers/bus/fsl-mc/dpmcp.o
  CC      fs/binfmt_elf.o
  CC      drivers/bus/fsl-mc/obj-api.o
  CC      drivers/irqchip/irq-mvebu-sei.o
  CC      lib/zstd/compress/zstd_compress.o
fs/binfmt_elf.c: In function ‘parse_elf_properties’:
fs/binfmt_elf.c:817:1: warning: the frame size of 1040 bytes is larger than 1024 bytes [-Wframe-larger-than=]
  817 | }
      | ^
  CC      drivers/irqchip/irq-ls-extirq.o
  CC      drivers/bus/fsl-mc/fsl-mc-uapi.o
  CC      fs/compat_binfmt_elf.o
  AR      drivers/bus/fsl-mc/built-in.a
  AR      drivers/bus/mhi/built-in.a
  CC      drivers/bus/arm-cci.o
  CC      drivers/irqchip/irq-ls-scfg-msi.o
In file included from fs/compat_binfmt_elf.c:144:
fs/binfmt_elf.c: In function ‘parse_elf_properties.isra’:
fs/binfmt_elf.c:817:1: warning: the frame size of 1040 bytes is larger than 1024 bytes [-Wframe-larger-than=]
  817 | }
      | ^
  CC      drivers/irqchip/qcom-irq-combiner.o
  CC      drivers/bus/hisi_lpc.o
  CC      fs/mbcache.o
  CC      drivers/irqchip/irq-sni-exiu.o
  CC      lib/zstd/compress/zstd_compress_literals.o
  CC      lib/zstd/compress/zstd_compress_sequences.o
  CC      drivers/bus/imx-weim.o
  CC      lib/zstd/compress/zstd_compress_superblock.o
  CC      fs/posix_acl.o
  CC      drivers/irqchip/irq-meson-gpio.o
  CC      lib/zstd/compress/zstd_double_fast.o
  CC      drivers/bus/qcom-ebi2.o
  CC      drivers/irqchip/qcom-pdc.o
  CC      drivers/bus/qcom-ssc-block-bus.o
  CC      drivers/bus/sun50i-de2.o
  CC      fs/coredump.o
  CC      drivers/irqchip/irq-imx-irqsteer.o
  CC      drivers/bus/simple-pm-bus.o
  CC      drivers/irqchip/irq-imx-intmux.o
  CC      drivers/bus/ti-sysc.o
  CC      drivers/irqchip/irq-ti-sci-intr.o
  CC      lib/zstd/compress/zstd_fast.o
  CC      fs/drop_caches.o
  CC      drivers/irqchip/irq-ti-sci-inta.o
  CC      drivers/bus/vexpress-config.o
  CC      fs/sysctls.o
  CC      fs/fhandle.o
  CC      drivers/irqchip/irq-mst-intc.o
  AR      drivers/bus/built-in.a
  AR      drivers/phy/allwinner/built-in.a
  CC      drivers/phy/amlogic/phy-meson-axg-pcie.o
  CC [M]  fs/binfmt_misc.o
  CC      drivers/irqchip/irq-apple-aic.o
  CC      drivers/phy/amlogic/phy-meson-axg-mipi-pcie-analog.o
  CC      lib/zstd/compress/zstd_lazy.o
  AR      fs/built-in.a
  AR      drivers/phy/broadcom/built-in.a
  CC      lib/xz/xz_dec_syms.o
  AR      drivers/irqchip/built-in.a
  CC      lib/dim/dim.o
  AR      drivers/phy/amlogic/built-in.a
  AR      drivers/phy/cadence/built-in.a
  AR      drivers/phy/freescale/built-in.a
  AR      drivers/phy/hisilicon/built-in.a
  AR      drivers/phy/ingenic/built-in.a
  AR      drivers/phy/intel/built-in.a
  AR      drivers/phy/lantiq/built-in.a
  AR      drivers/phy/marvell/built-in.a
  AR      drivers/phy/mediatek/built-in.a
  AR      drivers/phy/microchip/built-in.a
  AR      drivers/phy/motorola/built-in.a
  AR      drivers/phy/mscc/built-in.a
  AR      drivers/phy/qualcomm/built-in.a
  AR      drivers/phy/ralink/built-in.a
  AR      drivers/phy/renesas/built-in.a
  AR      drivers/phy/rockchip/built-in.a
  AR      drivers/phy/samsung/built-in.a
  AR      drivers/phy/socionext/built-in.a
  AR      drivers/phy/st/built-in.a
  AR      drivers/phy/starfive/built-in.a
  AR      drivers/phy/sunplus/built-in.a
  AR      drivers/phy/tegra/built-in.a
  AR      drivers/phy/ti/built-in.a
  AR      drivers/phy/xilinx/built-in.a
  CC      drivers/phy/phy-core.o
  CC      lib/xz/xz_dec_stream.o
  CC      lib/dim/net_dim.o
  CC      lib/xz/xz_dec_lzma2.o
  CC      lib/dim/rdma_dim.o
  CC      lib/xz/xz_dec_bcj.o
  CC      drivers/phy/phy-core-mipi-dphy.o
  AR      lib/dim/built-in.a
  CC      lib/fonts/fonts.o
  AR      lib/xz/built-in.a
  CC      lib/fonts/font_8x8.o
  CC      lib/zstd/compress/zstd_ldm.o
  CC [M]  sound/core/seq/seq.o
  CC      lib/fonts/font_8x16.o
  CC      drivers/phy/phy-xgene.o
  CC [M]  sound/core/seq/seq_lock.o
  CC      lib/fonts/font_acorn_8x8.o
  CC      lib/fonts/font_6x10.o
  CC      lib/fonts/font_ter16x32.o
  AR      lib/fonts/built-in.a
  AR      samples/vfio-mdev/built-in.a
  AR      samples/built-in.a
  CC [M]  sound/core/seq/seq_clientmgr.o
  CC      drivers/pinctrl/actions/pinctrl-owl.o
  AR      drivers/phy/built-in.a
  CC      drivers/pinctrl/actions/pinctrl-s700.o
  CC      lib/zstd/compress/zstd_opt.o
  CC      drivers/pinctrl/actions/pinctrl-s900.o
  AR      drivers/pinctrl/actions/built-in.a
  AR      drivers/pinctrl/bcm/built-in.a
  CC      drivers/pinctrl/berlin/berlin.o
  CC      drivers/pinctrl/berlin/berlin-bg4ct.o
  CC [M]  sound/core/seq/seq_memory.o
  CC      drivers/pinctrl/berlin/pinctrl-as370.o
  AR      drivers/pinctrl/berlin/built-in.a
  AR      drivers/pinctrl/cirrus/built-in.a
  CC      drivers/pinctrl/freescale/pinctrl-imx.o
  CC [M]  sound/core/seq/seq_queue.o
  CC      drivers/pinctrl/freescale/pinctrl-imx8mm.o
  CC [M]  sound/core/seq/seq_fifo.o
  CC      drivers/pinctrl/freescale/pinctrl-imx8mn.o
  CC      lib/argv_split.o
  CC [M]  sound/core/seq/seq_prioq.o
  CC      drivers/pinctrl/freescale/pinctrl-imx8mp.o
  CC      lib/bug.o
  CC      drivers/pinctrl/freescale/pinctrl-imx8mq.o
  CC [M]  sound/core/seq/seq_timer.o
  CC [M]  sound/core/sound.o
  AR      drivers/pinctrl/freescale/built-in.a
  CC      drivers/pinctrl/mediatek/mtk-eint.o
  CC [M]  sound/core/seq/seq_system.o
  CC      drivers/gpio/gpiolib.o
  CC      drivers/pinctrl/mediatek/pinctrl-mtk-common.o
  CC [M]  sound/core/seq/seq_ports.o
  CC [M]  sound/core/seq/seq_info.o
  CC [M]  sound/core/seq/seq_ump_convert.o
  CC      drivers/pinctrl/mediatek/pinctrl-mtk-common-v2.o
  CC      lib/zstd/zstd_decompress_module.o
  CC [M]  sound/core/seq/seq_dummy.o
  CC      drivers/pinctrl/mediatek/pinctrl-moore.o
  CC      lib/zstd/decompress/huf_decompress.o
  LD [M]  sound/core/seq/snd-seq.o
  CC      drivers/gpio/gpiolib-devres.o
  LD [M]  sound/core/seq/snd-seq-dummy.o
  CC [M]  sound/core/init.o
  CC      drivers/pinctrl/mediatek/pinctrl-paris.o
  CC      drivers/gpio/gpiolib-legacy.o
  CC      lib/zstd/decompress/zstd_ddict.o
  CC [M]  sound/core/memory.o
  CC      lib/zstd/decompress/zstd_decompress.o
  CC      drivers/gpio/gpiolib-of.o
  CC      drivers/pinctrl/mediatek/pinctrl-mt2712.o
  CC [M]  sound/core/control.o
  CC      drivers/pinctrl/mediatek/pinctrl-mt6765.o
  CC      lib/zstd/decompress/zstd_decompress_block.o
  CC      drivers/pinctrl/mediatek/pinctrl-mt6795.o
  CC      drivers/gpio/gpiolib-cdev.o
  CC      drivers/pinctrl/mediatek/pinctrl-mt6797.o
  CC      drivers/pinctrl/mediatek/pinctrl-mt7622.o
  CC      lib/zstd/zstd_common_module.o
  CC      drivers/pinctrl/mediatek/pinctrl-mt7981.o
  CC      lib/zstd/common/debug.o
  CC      lib/zstd/common/entropy_common.o
  CC [M]  sound/core/misc.o
  CC      drivers/pinctrl/mediatek/pinctrl-mt7986.o
  CC      drivers/gpio/gpiolib-sysfs.o
  CC      lib/zstd/common/error_private.o
  CC      lib/zstd/common/fse_decompress.o
  CC      drivers/pinctrl/mediatek/pinctrl-mt8167.o
  CC      lib/zstd/common/zstd_common.o
  AR      lib/zstd/built-in.a
  CC      lib/buildid.o
  CC [M]  sound/core/device.o
  CC      drivers/pinctrl/mediatek/pinctrl-mt8173.o
  CC      drivers/gpio/gpiolib-acpi.o
  CC      lib/clz_tab.o
  CC      lib/cmdline.o
  CC      drivers/pinctrl/mediatek/pinctrl-mt8183.o
  CC      lib/cpumask.o
  CC [M]  sound/core/info.o
  CC      drivers/pinctrl/mediatek/pinctrl-mt8186.o
  CC      lib/ctype.o
  CC      drivers/gpio/gpiolib-swnode.o
  CC      lib/dec_and_lock.o
  CC      drivers/pinctrl/mediatek/pinctrl-mt8188.o
  CC [M]  sound/core/info_oss.o
  CC      lib/decompress.o
  CC      lib/decompress_bunzip2.o
  CC      drivers/gpio/gpio-mmio.o
  CC      drivers/pinctrl/mediatek/pinctrl-mt8192.o
  CC      lib/decompress_inflate.o
  CC [M]  sound/core/sound_oss.o
  CC      drivers/pinctrl/mediatek/pinctrl-mt8195.o
  CC      lib/decompress_unlz4.o
  CC      drivers/gpio/gpio-davinci.o
  CC      drivers/pinctrl/mediatek/pinctrl-mt8365.o
  CC [M]  sound/core/vmaster.o
  CC      lib/decompress_unlzma.o
  CC      drivers/pinctrl/mediatek/pinctrl-mt8516.o
  CC      drivers/gpio/gpio-ftgpio010.o
  CC      lib/decompress_unlzo.o
  AR      drivers/pinctrl/mediatek/built-in.a
  CC      drivers/pinctrl/meson/pinctrl-meson.o
  CC [M]  sound/core/ctljack.o
  CC      drivers/gpio/gpio-mpc8xxx.o
  CC      lib/decompress_unxz.o
  CC [M]  sound/core/jack.o
  CC      lib/decompress_unzstd.o
  CC      drivers/gpio/gpio-mvebu.o
  CC      drivers/pinctrl/meson/pinctrl-meson8-pmx.o
  CC      lib/dump_stack.o
  CC [M]  sound/core/hwdep.o
  CC      drivers/gpio/gpio-mxc.o
  CC      drivers/pinctrl/meson/pinctrl-meson-gxbb.o
  CC      lib/earlycpio.o
  CC      drivers/pinctrl/meson/pinctrl-meson-gxl.o
  CC      lib/extable.o
  CC      drivers/gpio/gpio-npcm-sgpio.o
  CC [M]  sound/core/timer.o
  CC      lib/fdt.o
  CC      drivers/pinctrl/meson/pinctrl-meson-axg-pmx.o
  CC      lib/fdt_addresses.o
  CC      lib/fdt_empty_tree.o
  CC      lib/fdt_ro.o
  CC      drivers/gpio/gpio-palmas.o
  CC      lib/fdt_rw.o
  CC      drivers/pinctrl/meson/pinctrl-meson-axg.o
  CC      lib/fdt_strerror.o
  CC      drivers/gpio/gpio-pl061.o
  CC      lib/fdt_sw.o
  CC      drivers/pinctrl/meson/pinctrl-meson-g12a.o
  CC      lib/fdt_wip.o
  CC      lib/flex_proportions.o
  CC [M]  sound/core/hrtimer.o
  CC      drivers/pinctrl/meson/pinctrl-meson-a1.o
  CC      lib/idr.o
  CC      drivers/gpio/gpio-rc5t583.o
  AR      drivers/pinctrl/meson/built-in.a
  CC      drivers/pinctrl/mvebu/pinctrl-mvebu.o
  CC [M]  sound/core/pcm.o
  CC      drivers/gpio/gpio-sifive.o
  CC      lib/irq_regs.o
  CC      lib/is_single_threaded.o
  CC      drivers/gpio/gpio-stmpe.o
  CC      lib/klist.o
  CC      drivers/pinctrl/mvebu/pinctrl-armada-ap806.o
  CC      lib/kobject.o
  CC      drivers/gpio/gpio-tc3589x.o
  CC [M]  sound/core/pcm_native.o
  CC      drivers/pinctrl/mvebu/pinctrl-armada-cp110.o
  CC      drivers/pinctrl/mvebu/pinctrl-armada-37xx.o
  CC      drivers/gpio/gpio-tegra186.o
  CC      lib/kobject_uevent.o
  CC      drivers/pinctrl/mvebu/pinctrl-ac5.o
  CC      drivers/gpio/gpio-tegra.o
  AR      drivers/pinctrl/mvebu/built-in.a
  AR      drivers/pinctrl/nomadik/built-in.a
  AR      drivers/pinctrl/nuvoton/built-in.a
  CC      drivers/pinctrl/nxp/pinctrl-s32cc.o
  CC      drivers/gpio/gpio-tps6586x.o
  CC      lib/logic_pio.o
  CC      drivers/pinctrl/nxp/pinctrl-s32g2.o
  CC      drivers/gpio/gpio-tps65910.o
  AR      drivers/pinctrl/nxp/built-in.a
  CC      drivers/pinctrl/qcom/pinctrl-msm.o
  CC [M]  sound/core/pcm_lib.o
  CC      lib/maple_tree.o
  CC      drivers/gpio/gpio-vf610.o
  CC      drivers/gpio/gpio-xgene.o
  CC      drivers/pinctrl/qcom/pinctrl-sa8775p.o
  CC      drivers/gpio/gpio-xilinx.o
  CC [M]  sound/core/pcm_misc.o
  CC      drivers/pinctrl/qcom/pinctrl-sc7180.o
  AR      drivers/gpio/built-in.a
  CC      drivers/pwm/core.o
  CC      drivers/pinctrl/qcom/pinctrl-sc7280.o
  CC [M]  sound/core/pcm_memory.o
  CC      drivers/pinctrl/qcom/pinctrl-sc8180x.o
  CC      drivers/pinctrl/qcom/pinctrl-sc8280xp.o
  CC [M]  sound/core/memalloc.o
  CC      drivers/pwm/sysfs.o
  AR      drivers/pinctrl/qcom/built-in.a
  AR      drivers/pinctrl/realtek/built-in.a
  CC      drivers/pinctrl/renesas/core.o
  CC      drivers/pwm/pwm-stmpe.o
  CC      drivers/pinctrl/renesas/pinctrl.o
  CC      lib/memcat_p.o
  CC [M]  sound/core/pcm_timer.o
  AR      drivers/pwm/built-in.a
  CC [M]  sound/pci/hda/hda_bind.o
  CC      lib/nmi_backtrace.o
  CC      drivers/pinctrl/renesas/pfc-r8a7796.o
  CC [M]  sound/core/seq_device.o
  CC      drivers/pinctrl/renesas/pfc-r8a77965.o
  CC      lib/objpool.o
  CC      drivers/pinctrl/renesas/pfc-r8a77990.o
  CC [M]  sound/pci/hda/hda_codec.o
  LD [M]  sound/core/snd.o
  CC      drivers/pinctrl/renesas/pfc-r8a77951.o
  LD [M]  sound/core/snd-hwdep.o
  LD [M]  sound/core/snd-timer.o
  LD [M]  sound/core/snd-hrtimer.o
  LD [M]  sound/core/snd-pcm.o
  LD [M]  sound/core/snd-seq-device.o
  CC      net/core/sock.o
  CC      lib/plist.o
  CC      lib/radix-tree.o
  CC      drivers/pinctrl/renesas/pfc-r8a77970.o
  CC      drivers/pinctrl/renesas/pfc-r8a77980.o
  CC      drivers/pinctrl/renesas/pfc-r8a77995.o
  CC      drivers/pinctrl/renesas/pfc-r8a779a0.o
  CC      lib/ratelimit.o
  CC      drivers/pinctrl/renesas/pfc-r8a779f0.o
  CC      lib/rbtree.o
  CC      drivers/pinctrl/renesas/pfc-r8a779g0.o
  CC [M]  sound/pci/hda/hda_jack.o
  CC      drivers/pinctrl/renesas/pinctrl-rzg2l.o
  CC      lib/seq_buf.o
  CC      lib/siphash.o
  CC      drivers/pinctrl/renesas/pinctrl-rzv2m.o
  CC [M]  sound/pci/hda/hda_auto_parser.o
  TEST    lib/test_fortify/read_overflow-memchr.log
  AR      drivers/pinctrl/renesas/built-in.a
  CC      net/core/request_sock.o
  CC      drivers/pinctrl/sprd/pinctrl-sprd.o
  TEST    lib/test_fortify/read_overflow-memchr_inv.log
  TEST    lib/test_fortify/read_overflow-memcmp.log
  TEST    lib/test_fortify/read_overflow-memscan.log
  CC [M]  sound/pci/hda/hda_sysfs.o
  CC      net/core/skbuff.o
  TEST    lib/test_fortify/read_overflow2-memcmp.log
  CC      drivers/pinctrl/sprd/pinctrl-sprd-sc9860.o
  TEST    lib/test_fortify/read_overflow2-memcpy.log
  TEST    lib/test_fortify/read_overflow2-memmove.log
  AR      drivers/pinctrl/sprd/built-in.a
  CC      drivers/pinctrl/stm32/pinctrl-stm32.o
  TEST    lib/test_fortify/read_overflow2_field-memcpy.log
  TEST    lib/test_fortify/read_overflow2_field-memmove.log
  CC [M]  sound/pci/hda/hda_controller.o
  TEST    lib/test_fortify/write_overflow-memcpy.log
  TEST    lib/test_fortify/write_overflow-memmove.log
  CC      drivers/pinctrl/stm32/pinctrl-stm32mp257.o
  TEST    lib/test_fortify/write_overflow-memset.log
  TEST    lib/test_fortify/write_overflow-strcpy-lit.log
  AR      drivers/pinctrl/stm32/built-in.a
  AR      drivers/pinctrl/sunplus/built-in.a
  CC      drivers/pinctrl/sunxi/pinctrl-sunxi.o
  TEST    lib/test_fortify/write_overflow-strcpy.log
  TEST    lib/test_fortify/write_overflow-strncpy-src.log
  CC [M]  sound/pci/hda/hda_proc.o
  TEST    lib/test_fortify/write_overflow-strncpy.log
  TEST    lib/test_fortify/write_overflow-strscpy.log
  CC      drivers/pinctrl/sunxi/pinctrl-sun4i-a10.o
  TEST    lib/test_fortify/write_overflow_field-memcpy.log
  TEST    lib/test_fortify/write_overflow_field-memmove.log
  CC      drivers/pinctrl/sunxi/pinctrl-sun5i.o
  CC [M]  sound/pci/hda/hda_hwdep.o
  TEST    lib/test_fortify/write_overflow_field-memset.log
  CC      lib/timerqueue.o
  CC      drivers/pinctrl/sunxi/pinctrl-sun6i-a31.o
  CC      lib/vsprintf.o
  CC [M]  sound/pci/hda/hda_beep.o
  CC      drivers/pinctrl/sunxi/pinctrl-sun6i-a31-r.o
  CC      drivers/pinctrl/sunxi/pinctrl-sun8i-a23.o
  CC      net/core/datagram.o
  CC [M]  sound/pci/hda/hda_generic.o
  CC      drivers/pinctrl/sunxi/pinctrl-sun8i-a23-r.o
  CC      drivers/pinctrl/sunxi/pinctrl-sun8i-a33.o
  CC      drivers/pinctrl/sunxi/pinctrl-sun50i-a64.o
  CC      drivers/pinctrl/sunxi/pinctrl-sun50i-a64-r.o
  CC      drivers/pinctrl/sunxi/pinctrl-sun50i-a100.o
  CC      lib/win_minmax.o
  CC      drivers/pinctrl/sunxi/pinctrl-sun50i-a100-r.o
  CC      net/core/stream.o
  CC      drivers/pinctrl/sunxi/pinctrl-sun8i-a83t.o
  CC      lib/xarray.o
  CC      drivers/pinctrl/sunxi/pinctrl-sun8i-a83t-r.o
  CC      drivers/pinctrl/sunxi/pinctrl-sun8i-h3.o
  CC      net/core/scm.o
  CC [M]  sound/pci/hda/hda_intel.o
  CC      drivers/pinctrl/sunxi/pinctrl-sun8i-h3-r.o
  CC      lib/lockref.o
  CC      drivers/pinctrl/sunxi/pinctrl-sun8i-v3s.o
  CC      lib/bcd.o
  CC      lib/sort.o
  CC      lib/parser.o
  CC      drivers/pinctrl/sunxi/pinctrl-sun20i-d1.o
  CC      lib/debug_locks.o
  CC      drivers/pinctrl/sunxi/pinctrl-sun50i-h5.o
  LD [M]  sound/pci/hda/snd-hda-codec.o
  LD [M]  sound/pci/hda/snd-hda-codec-generic.o
  LD [M]  sound/pci/hda/snd-hda-intel.o
  CC      lib/random32.o
  CC      net/core/gen_stats.o
  CC [M]  sound/hda/hda_bus_type.o
  CC      drivers/pinctrl/sunxi/pinctrl-sun50i-h6.o
  CC      lib/bust_spinlocks.o
  CC      drivers/pinctrl/sunxi/pinctrl-sun50i-h6-r.o
  CC      lib/kasprintf.o
  CC [M]  sound/hda/hdac_bus.o
  CC      drivers/pinctrl/sunxi/pinctrl-sun50i-h616.o
  CC      net/core/gen_estimator.o
  CC      lib/bitmap.o
  CC      drivers/pinctrl/sunxi/pinctrl-sun50i-h616-r.o
  CC      drivers/pinctrl/sunxi/pinctrl-sun9i-a80.o
  CC [M]  sound/hda/hdac_device.o
  CC      drivers/pinctrl/sunxi/pinctrl-sun9i-a80-r.o
  CC      lib/scatterlist.o
  AR      drivers/pinctrl/sunxi/built-in.a
  CC      drivers/pinctrl/tegra/pinctrl-tegra.o
  CC      net/core/net_namespace.o
  CC [M]  sound/hda/hdac_sysfs.o
  CC      drivers/pinctrl/tegra/pinctrl-tegra124.o
  CC      lib/list_sort.o
  CC      drivers/pinctrl/tegra/pinctrl-tegra210.o
  CC      lib/uuid.o
  CC [M]  sound/hda/hdac_regmap.o
  CC      lib/iov_iter.o
  CC      drivers/pinctrl/tegra/pinctrl-tegra194.o
  CC      net/core/secure_seq.o
  CC      drivers/pinctrl/tegra/pinctrl-tegra234.o
  CC [M]  sound/hda/hdac_controller.o
  CC      drivers/pinctrl/tegra/pinctrl-tegra-xusb.o
  CC [M]  sound/hda/hdac_stream.o
  CC      lib/clz_ctz.o
  CC      net/core/flow_dissector.o
  AR      drivers/pinctrl/tegra/built-in.a
  AR      drivers/pinctrl/ti/built-in.a
  CC      drivers/pinctrl/visconti/pinctrl-common.o
  CC      lib/bsearch.o
  CC      drivers/pinctrl/visconti/pinctrl-tmpv7700.o
  CC      lib/find_bit.o
  AR      drivers/pinctrl/visconti/built-in.a
  CC      drivers/pinctrl/core.o
  CC [M]  sound/hda/array.o
  CC      lib/llist.o
  CC      lib/lwq.o
  CC      lib/memweight.o
  CC      lib/kfifo.o
  CC [M]  sound/hda/hdmi_chmap.o
  CC      drivers/pinctrl/pinctrl-utils.o
  CC      net/core/sysctl_net_core.o
  CC      lib/percpu-refcount.o
  CC [M]  sound/hda/trace.o
  CC      drivers/pinctrl/pinmux.o
  CC      lib/rhashtable.o
  CC [M]  sound/hda/intel-dsp-config.o
  CC      drivers/pinctrl/pinconf.o
  CC      net/core/dev.o
  CC      drivers/pinctrl/pinconf-generic.o
  CC [M]  sound/hda/intel-nhlt.o
  CC      lib/base64.o
  CC      lib/once.o
  CC      drivers/pinctrl/devicetree.o
  CC [M]  sound/hda/intel-sdw-acpi.o
  CC      lib/refcount.o
  CC      drivers/pinctrl/pinctrl-amd.o
  CC      lib/rcuref.o
  CC      lib/usercopy.o
  LD [M]  sound/hda/snd-hda-core.o
  LD [M]  sound/hda/snd-intel-dspcfg.o
  LD [M]  sound/hda/snd-intel-sdw-acpi.o
  AR      sound/built-in.a
  CC [M]  sound/sound_core.o
  CC      lib/errseq.o
  CC      drivers/pinctrl/pinctrl-as3722.o
  CC      lib/bucket_locks.o
  LD [M]  sound/soundcore.o
  CC      drivers/pci/msi/pcidev_msi.o
  CC      drivers/pinctrl/pinctrl-bm1880.o
  CC      drivers/pci/msi/api.o
  CC      lib/generic-radix-tree.o
  CC      drivers/pinctrl/pinctrl-microchip-sgpio.o
  CC      lib/bitmap-str.o
  CC      drivers/pci/msi/msi.o
  CC      drivers/pinctrl/pinctrl-ocelot.o
  CC      lib/string_helpers.o
  CC      drivers/pinctrl/pinctrl-palmas.o
  CC      drivers/pci/msi/irqdomain.o
  CC      lib/hexdump.o
  CC      drivers/pinctrl/pinctrl-rockchip.o
  CC      lib/kstrtox.o
  AR      drivers/pci/msi/built-in.a
  CC      drivers/pci/pcie/portdrv.o
  CC      lib/pci_iomap.o
  CC      drivers/pci/pcie/rcec.o
  CC      net/core/dev_addr_lists.o
  CC      drivers/pinctrl/pinctrl-single.o
  CC      lib/iomap_copy.o
  CC      drivers/pci/pcie/aspm.o
  CC      lib/devres.o
  CC      drivers/pinctrl/pinctrl-sx150x.o
  CC      net/core/dst.o
  CC      lib/trace_readwrite.o
  CC      drivers/pci/pcie/aer.o
  AR      drivers/pinctrl/built-in.a
  CC      net/ethernet/eth.o
  CC      lib/hweight.o
  CC      lib/interval_tree.o
  CC      net/core/netevent.o
  CC      drivers/pci/pcie/err.o
  CC      lib/assoc_array.o
  AR      net/ethernet/built-in.a
  CC      net/802/fc.o
  CC      drivers/pci/pcie/pme.o
  CC      lib/bitrev.o
  CC      lib/linear_ranges.o
  CC      net/core/neighbour.o
  CC      drivers/pci/pcie/dpc.o
  CC      lib/packing.o
  CC      net/802/fddi.o
  CC      drivers/pci/pcie/ptm.o
  CC      lib/crc-ccitt.o
  CC      lib/crc16.o
  CC      drivers/pci/pcie/edr.o
  AR      net/802/built-in.a
  CC      net/sched/sch_generic.o
  CC      lib/crc-t10dif.o
  AR      drivers/pci/pcie/built-in.a
  CC      drivers/pci/hotplug/pci_hotplug_core.o
  HOSTCC  lib/gen_crc32table
  HOSTCC  lib/gen_crc64table
  CC      lib/crc8.o
  CC      net/core/rtnetlink.o
  CC      drivers/pci/hotplug/cpci_hotplug_core.o
  CC      lib/crc64-rocksoft.o
  CC      lib/xxhash.o
  CC      net/sched/sch_mq.o
  CC      drivers/pci/hotplug/cpci_hotplug_pci.o
  CC      drivers/pci/hotplug/acpi_pcihp.o
  CC      lib/genalloc.o
  CC      net/sched/sch_frag.o
  CC      drivers/pci/hotplug/pciehp_core.o
  CC      lib/percpu_counter.o
  CC      drivers/pci/hotplug/pciehp_ctrl.o
  CC      net/sched/sch_api.o
  CC      lib/audit.o
  CC      drivers/pci/hotplug/pciehp_pci.o
  CC      lib/compat_audit.o
  CC      lib/error-inject.o
  CC      net/core/utils.o
  CC      drivers/pci/hotplug/pciehp_hpc.o
  CC      lib/syscall.o
  CC      lib/dynamic_debug.o
  CC      drivers/pci/hotplug/shpchp_core.o
  CC      net/sched/sch_blackhole.o
  CC      net/core/link_watch.o
  CC      drivers/pci/hotplug/shpchp_ctrl.o
  CC      net/sched/cls_api.o
  CC      drivers/pci/hotplug/shpchp_pci.o
  CC      lib/errname.o
  CC      net/core/filter.o
  CC      lib/nlattr.o
  CC      drivers/pci/hotplug/shpchp_sysfs.o
  CC      drivers/pci/hotplug/shpchp_hpc.o
  CC      lib/checksum.o
  CC      lib/cpu_rmap.o
  CC      drivers/pci/hotplug/acpiphp_core.o
  CC      net/sched/act_api.o
  CC      lib/dynamic_queue_limits.o
  CC      lib/glob.o
  CC      drivers/pci/hotplug/acpiphp_glue.o
  CC      lib/digsig.o
  AR      drivers/pci/hotplug/built-in.a
  AR      drivers/pci/endpoint/functions/built-in.a
  CC      drivers/pci/endpoint/pci-ep-cfs.o
  CC      net/sched/sch_fifo.o
  CC      lib/strncpy_from_user.o
  CC      drivers/pci/endpoint/pci-epc-core.o
  CC      lib/strnlen_user.o
  CC      net/sched/ematch.o
  CC      lib/net_utils.o
  CC      drivers/pci/endpoint/pci-epf-core.o
  CC      lib/sg_split.o
  CC      drivers/pci/endpoint/pci-epc-mem.o
  CC [M]  net/sched/sch_fq_codel.o
  CC      net/core/sock_diag.o
  CC      lib/sg_pool.o
  AR      drivers/pci/endpoint/built-in.a
  CC      drivers/pci/controller/cadence/pcie-cadence.o
  AR      net/sched/built-in.a
  CC      virt/lib/irqbypass.o
  CC      lib/memregion.o
  CC      drivers/pci/controller/cadence/pcie-cadence-host.o
  CC      lib/stmp_device.o
  AR      virt/lib/built-in.a
  AR      virt/built-in.a
  CC      drivers/pci/controller/dwc/pcie-designware.o
  CC      net/core/dev_ioctl.o
  CC      lib/irq_poll.o
  CC      drivers/pci/controller/cadence/pcie-cadence-ep.o
  CC      drivers/pci/controller/dwc/pcie-designware-host.o
  CC      lib/stackdepot.o
  CC      drivers/pci/controller/cadence/pcie-cadence-plat.o
  CC      net/core/tso.o
  CC      drivers/pci/controller/cadence/pci-j721e.o
  CC      lib/bootconfig.o
  CC      drivers/pci/controller/dwc/pcie-designware-ep.o
  CC      lib/asn1_decoder.o
  AR      drivers/pci/controller/cadence/built-in.a
  AR      drivers/rapidio/switches/built-in.a
  AR      drivers/rapidio/devices/built-in.a
  CC      drivers/rapidio/rio.o
  CC      net/core/sock_reuseport.o
  CC      drivers/pci/controller/dwc/pcie-designware-plat.o
  CC      lib/asn1_encoder.o
  CC      drivers/pci/controller/dwc/pci-imx6.o
  CC      drivers/rapidio/rio-access.o
  GEN     lib/oid_registry_data.c
  CC      lib/ucs2_string.o
  CC      lib/ubsan.o
  CC      drivers/rapidio/rio-driver.o
  CC      drivers/pci/controller/dwc/pci-keystone.o
  CC      net/core/fib_notifier.o
  CC      lib/sbitmap.o
  CC      drivers/rapidio/rio-sysfs.o
  CC      drivers/pci/controller/dwc/pci-layerscape.o
  CC      net/core/xdp.o
  AR      drivers/rapidio/built-in.a
  CC      drivers/video/console/dummycon.o
  CC      lib/group_cpus.o
  CC      drivers/pci/controller/dwc/pci-layerscape-ep.o
  CC      drivers/pci/controller/dwc/pcie-qcom.o
  AR      drivers/video/console/built-in.a
  CC      lib/devmem_is_allowed.o
  CC      drivers/video/backlight/backlight.o
  CC      lib/fw_table.o
  CC [M]  lib/libcrc32c.o
  CC      net/core/flow_offload.o
  CC      drivers/pci/controller/dwc/pcie-armada8k.o
  AR      drivers/video/backlight/built-in.a
  CC      drivers/video/fbdev/core/fb_notify.o
  GEN     lib/test_fortify.log
  GEN     lib/crc32table.h
  GEN     lib/crc64table.h
  CC      lib/oid_registry.o
  CC      drivers/pci/controller/dwc/pcie-dw-rockchip.o
  CC      lib/string.o
  CC      net/core/gro.o
  CC      drivers/video/fbdev/core/fb_info.o
  CC      drivers/pci/controller/dwc/pcie-keembay.o
  CC      lib/crc32.o
  CC      drivers/pci/controller/dwc/pcie-kirin.o
  CC      drivers/video/fbdev/core/fbmem.o
  CC      lib/crc64.o
  CC      drivers/pci/controller/dwc/pcie-histb.o
  AR      lib/lib.a
  AR      lib/built-in.a
  AR      drivers/video/fbdev/omap/built-in.a
  AR      drivers/pci/switch/built-in.a
  CC      net/netlink/af_netlink.o
  CC      net/core/netdev-genl.o
  CC      drivers/pci/controller/dwc/pcie-visconti.o
  CC      drivers/video/fbdev/core/fbcmap.o
  CC      drivers/pci/controller/dwc/pcie-al.o
  CC      net/core/netdev-genl-gen.o
  CC      drivers/pci/controller/dwc/pcie-hisi.o
  CC      net/core/gso.o
  CC      drivers/video/fbdev/core/modedb.o
  CC      drivers/pci/controller/dwc/pcie-tegra194-acpi.o
  AR      drivers/pci/controller/dwc/built-in.a
  AR      drivers/pci/controller/mobiveil/built-in.a
  CC      drivers/pci/controller/pci-ftpci100.o
  CC      drivers/video/fbdev/core/fbcvt.o
  CC      net/core/net-sysfs.o
  CC      net/netlink/genetlink.o
  CC      drivers/pci/controller/pci-aardvark.o
  CC      drivers/video/fbdev/core/fb_cmdline.o
  CC      drivers/pci/controller/pci-tegra.o
  CC      drivers/video/fbdev/core/fb_backlight.o
  CC      net/netlink/policy.o
  CC      drivers/video/fbdev/core/fbmon.o
  CC      net/core/page_pool.o
  AR      net/netlink/built-in.a
  CC      net/bpf/test_run.o
  CC      drivers/pci/controller/pcie-rcar.o
  CC      drivers/video/fbdev/core/fb_defio.o
  CC      drivers/pci/controller/pcie-rcar-host.o
  CC      net/core/page_pool_user.o
  CC      drivers/pci/controller/pcie-rcar-ep.o
  CC      drivers/video/fbdev/core/fb_chrdev.o
  CC      net/core/net-procfs.o
  CC      drivers/pci/controller/pci-host-common.o
  CC      net/bpf/bpf_dummy_struct_ops.o
  CC      net/core/fib_rules.o
  CC      drivers/video/fbdev/core/fb_procfs.o
  CC      drivers/pci/controller/pci-host-generic.o
  AR      net/bpf/built-in.a
  AR      drivers/idle/built-in.a
  CC      drivers/video/aperture.o
  CC      drivers/video/fbdev/core/fbsysfs.o
  CC      drivers/pci/controller/pci-thunder-ecam.o
  CC      drivers/pci/controller/pci-thunder-pem.o
  CC      drivers/video/fbdev/core/fbcon.o
  CC      drivers/video/cmdline.o
  CC      drivers/pci/controller/pcie-xilinx.o
  CC      net/core/net-traces.o
  CC      drivers/pci/controller/pcie-xilinx-nwl.o
  AR      drivers/video/fbdev/omap2/omapfb/dss/built-in.a
  AR      drivers/video/fbdev/omap2/omapfb/displays/built-in.a
  AR      drivers/video/fbdev/omap2/omapfb/built-in.a
  AR      drivers/video/fbdev/omap2/built-in.a
  CC      drivers/pci/access.o
  CC      drivers/pci/controller/pcie-xilinx-cpm.o
  CC      drivers/video/fbdev/core/bitblit.o
  CC      drivers/video/fbdev/core/softcursor.o
  CC      drivers/pci/controller/pcie-xilinx-dma-pl.o
  CC      drivers/video/nomodeset.o
  CC      drivers/video/fbdev/core/tileblit.o
  CC      drivers/pci/controller/pci-xgene.o
  AR      drivers/char/ipmi/built-in.a
  CC      net/core/drop_monitor.o
  CC      drivers/video/fbdev/core/fbcon_rotate.o
  CC      drivers/pci/controller/pci-xgene-msi.o
  CC      drivers/video/fbdev/core/fbcon_cw.o
  CC      drivers/pci/controller/pcie-altera.o
  CC      drivers/video/fbdev/imsttfb.o
  CC      net/core/selftests.o
  CC      drivers/video/fbdev/core/fbcon_ud.o
  CC      drivers/pci/controller/pcie-altera-msi.o
  CC      drivers/video/fbdev/asiliantfb.o
  CC      drivers/video/fbdev/core/fbcon_ccw.o
  CC      drivers/pci/controller/pcie-rockchip.o
  CC      net/core/timestamping.o
  CC      net/ethtool/ioctl.o
  CC      drivers/video/fbdev/core/cfbfillrect.o
  CC      drivers/pci/controller/pcie-rockchip-ep.o
  CC      drivers/pci/controller/pcie-mediatek.o
  CC      drivers/video/fbdev/core/cfbcopyarea.o
  CC      net/core/ptp_classifier.o
  CC      drivers/pci/controller/pcie-microchip-host.o
  CC      drivers/video/fbdev/core/cfbimgblt.o
  CC      net/ethtool/common.o
  CC      net/core/netprio_cgroup.o
  CC      drivers/pci/controller/pcie-hisi-error.o
  AR      drivers/pci/controller/built-in.a
  CC      drivers/pci/bus.o
  CC      drivers/video/fbdev/core/fb_io_fops.o
  CC      net/core/netclassid_cgroup.o
  CC      net/ethtool/netlink.o
  CC      drivers/pci/probe.o
  CC      drivers/video/fbdev/core/sysfillrect.o
  CC      net/core/lwtunnel.o
  CC      net/ethtool/bitset.o
  CC      drivers/video/fbdev/core/syscopyarea.o
  CC      drivers/pci/host-bridge.o
  CC      net/core/lwt_bpf.o
  CC      net/ethtool/strset.o
  CC      drivers/pci/remove.o
  CC      drivers/video/fbdev/core/sysimgblt.o
  CC      net/ethtool/linkinfo.o
  CC      net/core/dst_cache.o
  CC      drivers/pci/pci.o
  CC      net/ethtool/linkmodes.o
  CC      drivers/video/fbdev/core/fb_sys_fops.o
  CC      net/core/failover.o
  CC      net/ethtool/rss.o
  AR      drivers/video/fbdev/core/built-in.a
  AR      drivers/video/fbdev/built-in.a
  CC      drivers/video/hdmi.o
  CC      net/ethtool/linkstate.o
  CC      net/core/skmsg.o
  CC      net/ethtool/debug.o
  AR      drivers/video/built-in.a
  CC      drivers/acpi/acpica/dsargs.o
  CC      drivers/acpi/acpica/dscontrol.o
  CC      drivers/pci/pci-driver.o
  CC      net/ethtool/wol.o
  CC      drivers/acpi/acpica/dsdebug.o
  CC      drivers/acpi/acpica/dsfield.o
  CC      drivers/acpi/acpica/dsinit.o
  CC      net/ethtool/features.o
  CC      drivers/acpi/acpica/dsmethod.o
  CC      drivers/pci/search.o
  CC      net/core/sock_map.o
  CC      drivers/acpi/acpica/dsmthdat.o
  CC      net/ethtool/privflags.o
  CC      drivers/acpi/acpica/dsobject.o
  CC      drivers/acpi/acpica/dsopcode.o
  CC      drivers/pci/pci-sysfs.o
  CC      net/ethtool/rings.o
  CC      drivers/acpi/acpica/dspkginit.o
  CC      drivers/acpi/acpica/dsutils.o
  CC      net/ethtool/channels.o
  CC      drivers/acpi/acpica/dswexec.o
  CC      drivers/pci/rom.o
  CC      drivers/acpi/acpica/dswload.o
  CC      drivers/acpi/acpica/dswload2.o
  CC      net/core/bpf_sk_storage.o
  CC      net/ethtool/coalesce.o
  CC      drivers/pci/setup-res.o
  CC      drivers/acpi/acpica/dswscope.o
  CC      drivers/acpi/acpica/dswstate.o
  CC      net/ethtool/pause.o
  CC      drivers/acpi/acpica/evevent.o
  CC      drivers/pci/irq.o
  CC      drivers/acpi/acpica/evgpe.o
  CC      drivers/acpi/acpica/evgpeblk.o
  CC      net/core/of_net.o
  CC      net/ethtool/eee.o
  CC      drivers/acpi/acpica/evgpeinit.o
  CC      drivers/pci/vpd.o
  CC      drivers/acpi/acpica/evgpeutil.o
  CC      drivers/acpi/acpica/evglock.o
  CC      net/ethtool/tsinfo.o
  CC      drivers/acpi/acpica/evhandler.o
  CC      drivers/acpi/acpica/evmisc.o
  AR      net/core/built-in.a
  CC      net/netfilter/core.o
  CC      drivers/pci/setup-bus.o
  CC      drivers/acpi/acpica/evregion.o
  CC      net/ethtool/cabletest.o
  CC      drivers/acpi/acpica/evrgnini.o
  CC      drivers/acpi/acpica/evsci.o
  CC      drivers/acpi/acpica/evxface.o
  CC      drivers/acpi/acpica/evxfevnt.o
  CC      net/ethtool/tunnels.o
  CC      drivers/pci/vc.o
  CC      net/netfilter/nf_log.o
  CC      drivers/acpi/acpica/evxfgpe.o
  CC      drivers/acpi/acpica/evxfregn.o
  CC      drivers/pci/mmap.o
  CC      net/ethtool/fec.o
  CC      drivers/acpi/acpica/exconcat.o
  CC      drivers/pci/setup-irq.o
  CC      drivers/acpi/acpica/exconfig.o
  CC      drivers/pci/proc.o
  CC      net/netfilter/nf_queue.o
  CC      drivers/acpi/acpica/exconvrt.o
  CC      net/ethtool/eeprom.o
  CC      drivers/acpi/acpica/excreate.o
  CC      drivers/pci/slot.o
  CC      drivers/acpi/acpica/exdebug.o
  CC      net/ethtool/stats.o
  CC      drivers/acpi/acpica/exdump.o
  CC      drivers/acpi/acpica/exfield.o
  CC      drivers/acpi/acpica/exfldio.o
  CC      drivers/pci/pci-acpi.o
  CC      net/netfilter/nf_sockopt.o
  CC      drivers/acpi/acpica/exmisc.o
  CC      drivers/acpi/acpica/exmutex.o
  CC      net/ethtool/phc_vclocks.o
  CC      drivers/acpi/acpica/exnames.o
  CC      drivers/pci/of.o
  CC      drivers/acpi/acpica/exoparg1.o
  CC      net/netfilter/utils.o
  CC      net/ethtool/mm.o
  CC      drivers/acpi/acpica/exoparg2.o
  CC      drivers/acpi/acpica/exoparg3.o
  CC      drivers/pci/quirks.o
  CC      drivers/acpi/acpica/exoparg6.o
  CC      drivers/acpi/acpica/exprep.o
  CC      net/ethtool/module.o
  CC      drivers/acpi/acpica/exregion.o
  CC      net/netfilter/nf_bpf_link.o
  CC      drivers/acpi/acpica/exresnte.o
  CC      net/ethtool/pse-pd.o
  CC      drivers/acpi/acpica/exresolv.o
  CC      net/netfilter/nf_hooks_lwtunnel.o
  CC      drivers/acpi/acpica/exresop.o
  CC      drivers/acpi/acpica/exserial.o
  CC      net/ethtool/plca.o
  CC      drivers/acpi/acpica/exstore.o
  CC      drivers/pci/ats.o
  CC      drivers/acpi/acpica/exstoren.o
  CC [M]  net/netfilter/nfnetlink.o
  AR      net/ethtool/built-in.a
  CC      drivers/acpi/numa/srat.o
  CC      drivers/acpi/acpica/exstorob.o
  CC      drivers/pci/iov.o
  CC      drivers/acpi/acpica/exsystem.o
  CC      drivers/acpi/acpica/extrace.o
  CC      drivers/acpi/acpica/exutils.o
  CC      drivers/acpi/numa/hmat.o
  CC      drivers/acpi/acpica/hwacpi.o
  CC      drivers/pci/pci-bridge-emul.o
  CC      drivers/acpi/acpica/hwesleep.o
  CC [M]  net/netfilter/nfnetlink_hook.o
  CC      drivers/acpi/acpica/hwgpe.o
  CC      drivers/acpi/acpica/hwregs.o
  AR      drivers/acpi/numa/built-in.a
  CC      drivers/pnp/pnpacpi/core.o
  CC      drivers/acpi/acpica/hwsleep.o
  CC      drivers/pci/pci-label.o
  CC [M]  net/netfilter/nf_tables_core.o
  CC      drivers/acpi/acpica/hwvalid.o
  CC      drivers/acpi/acpica/hwxface.o
  CC      drivers/pci/syscall.o
  CC      drivers/pnp/pnpacpi/rsparser.o
  CC      drivers/acpi/acpica/hwxfsleep.o
  CC      drivers/pci/ecam.o
  AR      drivers/pnp/pnpacpi/built-in.a
  CC      drivers/pnp/core.o
  CC      drivers/acpi/acpica/hwpci.o
  CC [M]  net/netfilter/nf_tables_api.o
  CC      drivers/acpi/acpica/nsaccess.o
  CC      drivers/pci/p2pdma.o
  CC      drivers/acpi/acpica/nsalloc.o
  CC      drivers/pnp/card.o
  CC      drivers/acpi/acpica/nsarguments.o
  CC      drivers/acpi/acpica/nsconvert.o
  CC      drivers/pci/vgaarb.o
  CC      drivers/pnp/driver.o
  CC      drivers/acpi/acpica/nsdump.o
  CC      drivers/acpi/acpica/nseval.o
  CC      drivers/acpi/acpica/nsinit.o
  CC      drivers/pnp/resource.o
  CC      drivers/acpi/acpica/nsload.o
  CC      drivers/acpi/acpica/nsnames.o
  CC      drivers/pci/of_property.o
  CC      drivers/acpi/acpica/nsobject.o
  CC      drivers/acpi/acpica/nsparse.o
  AR      drivers/pci/built-in.a
  CC      drivers/amba/bus.o
  CC      drivers/pnp/manager.o
  CC      drivers/acpi/acpica/nspredef.o
  CC      drivers/acpi/acpica/nsprepkg.o
  CC      drivers/acpi/acpica/nsrepair.o
  CC      drivers/pnp/support.o
  CC      drivers/acpi/acpica/nsrepair2.o
  CC      drivers/amba/tegra-ahb.o
  CC      drivers/acpi/acpica/nssearch.o
  CC      drivers/pnp/interface.o
  CC      drivers/acpi/acpica/nsutils.o
  CC      drivers/pnp/quirks.o
  CC      drivers/acpi/acpica/nswalk.o
  AR      drivers/amba/built-in.a
  CC      drivers/clk/actions/owl-common.o
  CC      drivers/acpi/acpica/nsxfeval.o
  CC      drivers/clk/actions/owl-gate.o
  CC      drivers/pnp/system.o
  CC      drivers/clk/actions/owl-mux.o
  CC      drivers/acpi/acpica/nsxfname.o
  AR      drivers/pnp/built-in.a
  AR      drivers/clk/analogbits/built-in.a
  AR      drivers/clk/bcm/built-in.a
  CC      drivers/acpi/apei/apei-base.o
  CC [M]  net/netfilter/nft_chain_filter.o
  CC      drivers/clk/actions/owl-divider.o
  CC      drivers/clk/actions/owl-factor.o
  CC      drivers/acpi/acpica/nsxfobj.o
  CC      drivers/clk/actions/owl-composite.o
  CC      drivers/acpi/acpica/psargs.o
  CC      drivers/clk/actions/owl-pll.o
  CC      drivers/acpi/apei/hest.o
  CC [M]  net/netfilter/nf_tables_trace.o
  CC      drivers/acpi/acpica/psloop.o
  CC      drivers/clk/actions/owl-reset.o
  CC      drivers/acpi/acpica/psobject.o
  CC      drivers/clk/actions/owl-s500.o
  CC      drivers/acpi/acpica/psopcode.o
  CC      drivers/acpi/apei/erst.o
  CC      drivers/clk/actions/owl-s700.o
  CC      drivers/acpi/acpica/psopinfo.o
  CC      drivers/acpi/acpica/psparse.o
  CC [M]  net/netfilter/nft_immediate.o
  CC      drivers/clk/actions/owl-s900.o
  CC      drivers/acpi/acpica/psscope.o
  AR      drivers/clk/actions/built-in.a
  CC      drivers/clk/berlin/berlin2-avpll.o
  CC      drivers/acpi/acpica/pstree.o
  CC      drivers/acpi/apei/bert.o
  CC [M]  net/netfilter/nft_cmp.o
  CC      drivers/clk/berlin/berlin2-pll.o
  CC      drivers/acpi/acpica/psutils.o
  CC      drivers/acpi/acpica/pswalk.o
  CC      drivers/clk/berlin/berlin2-div.o
  CC      drivers/acpi/apei/ghes.o
  CC      drivers/acpi/acpica/psxface.o
  AR      drivers/clk/berlin/built-in.a
  CC      drivers/clk/hisilicon/clk.o
  CC [M]  net/netfilter/nft_range.o
  CC      drivers/acpi/acpica/rsaddr.o
  CC      drivers/acpi/acpica/rscalc.o
  CC      drivers/acpi/acpica/rscreate.o
  CC      drivers/clk/hisilicon/clkgate-separated.o
  CC [M]  net/netfilter/nft_bitwise.o
  AR      drivers/acpi/apei/built-in.a
  AR      drivers/acpi/pmic/built-in.a
  AR      drivers/dma/idxd/built-in.a
  AR      drivers/dma/mediatek/built-in.a
  AR      drivers/dma/qcom/built-in.a
  CC      drivers/dma/ti/k3-udma.o
  CC      drivers/clk/hisilicon/clkdivider-hi6220.o
  CC      drivers/acpi/acpica/rsdumpinfo.o
  CC      drivers/acpi/acpica/rsinfo.o
  CC      drivers/clk/hisilicon/clk-hisi-phase.o
  CC      drivers/acpi/acpica/rsio.o
  CC      drivers/acpi/acpica/rsirq.o
  CC      drivers/acpi/acpica/rslist.o
  CC      drivers/clk/hisilicon/clk-hi3559a.o
  CC [M]  net/netfilter/nft_byteorder.o
  CC      drivers/acpi/acpica/rsmemory.o
  CC      drivers/acpi/acpica/rsmisc.o
  CC      drivers/clk/hisilicon/clk-hi3660.o
  CC [M]  net/netfilter/nft_payload.o
  CC      drivers/acpi/acpica/rsserial.o
  CC      drivers/clk/hisilicon/clk-hi3670.o
  CC      drivers/acpi/acpica/rsutils.o
  CC      drivers/clk/hisilicon/clk-hi6220.o
  CC      drivers/acpi/acpica/rsxface.o
  CC      drivers/clk/hisilicon/reset.o
  CC      drivers/dma/ti/k3-udma-glue.o
  CC [M]  net/netfilter/nft_lookup.o
  CC      drivers/acpi/acpica/tbdata.o
  CC      drivers/clk/hisilicon/clk-hi6220-stub.o
  CC [M]  net/netfilter/nft_dynset.o
  CC      drivers/acpi/acpica/tbfadt.o
  CC      drivers/clk/hisilicon/clk-hi3660-stub.o
  CC      drivers/dma/ti/k3-psil.o
  CC      drivers/acpi/acpica/tbfind.o
  CC      drivers/acpi/acpica/tbinstal.o
  AR      drivers/clk/hisilicon/built-in.a
  AR      drivers/clk/imgtec/built-in.a
  CC      drivers/clk/imx/clk.o
  CC      drivers/acpi/acpica/tbprint.o
  CC [M]  net/netfilter/nft_meta.o
  CC      drivers/dma/ti/k3-psil-am654.o
  CC      drivers/dma/ti/k3-psil-j721e.o
  CC      drivers/dma/ti/k3-psil-j7200.o
  CC      drivers/dma/ti/k3-psil-am64.o
  CC      drivers/acpi/acpica/tbutils.o
  CC      drivers/dma/ti/k3-psil-j721s2.o
  CC      drivers/dma/ti/k3-psil-am62.o
  CC      drivers/clk/imx/clk-busy.o
  CC      drivers/dma/ti/k3-psil-am62a.o
  CC      drivers/acpi/acpica/tbxface.o
  CC      drivers/dma/ti/k3-psil-j784s4.o
  CC      drivers/dma/ti/k3-psil-am62p.o
  AR      drivers/dma/ti/built-in.a
  AR      drivers/dma/xilinx/built-in.a
  CC      drivers/dma/dmaengine.o
  CC      drivers/clk/imx/clk-composite-7ulp.o
  CC      drivers/acpi/acpica/tbxfload.o
  CC      drivers/clk/imx/clk-composite-8m.o
  CC      drivers/acpi/acpica/tbxfroot.o
  CC [M]  net/netfilter/nft_rt.o
  CC      drivers/acpi/acpica/utaddress.o
  CC      drivers/clk/imx/clk-composite-93.o
  CC      drivers/dma/virt-dma.o
  CC      drivers/acpi/acpica/utalloc.o
  CC [M]  net/netfilter/nft_exthdr.o
  CC      drivers/acpi/acpica/utascii.o
  CC      drivers/clk/imx/clk-fracn-gppll.o
  CC      drivers/acpi/acpica/utbuffer.o
  CC      drivers/dma/acpi-dma.o
  CC      drivers/acpi/acpica/utcksum.o
  CC      drivers/clk/imx/clk-cpu.o
  CC      drivers/acpi/acpica/utcopy.o
  CC [M]  net/netfilter/nft_last.o
  CC      drivers/acpi/acpica/utexcep.o
  CC      drivers/clk/imx/clk-divider-gate.o
  CC      drivers/dma/of-dma.o
  CC      drivers/clk/imx/clk-fixup-div.o
  CC      drivers/acpi/acpica/utdebug.o
  CC [M]  net/netfilter/nft_counter.o
  CC      drivers/acpi/acpica/utdecode.o
  CC      drivers/clk/imx/clk-fixup-mux.o
  CC      drivers/dma/amba-pl08x.o
  CC      drivers/acpi/acpica/utdelete.o
  CC      drivers/clk/imx/clk-frac-pll.o
  CC      drivers/acpi/acpica/uterror.o
  CC [M]  net/netfilter/nft_objref.o
  CC      drivers/acpi/acpica/uteval.o
  CC      drivers/clk/imx/clk-gate2.o
  CC      drivers/acpi/acpica/utglobal.o
  CC [M]  net/netfilter/nft_inner.o
  CC      drivers/acpi/acpica/uthex.o
  CC      drivers/clk/imx/clk-gate-93.o
  CC      drivers/acpi/acpica/utids.o
  CC      drivers/dma/mv_xor.o
  CC      drivers/acpi/acpica/utinit.o
  CC      drivers/clk/imx/clk-gate-exclusive.o
  CC [M]  net/netfilter/nft_chain_route.o
  CC      drivers/acpi/acpica/utlock.o
  CC      drivers/clk/imx/clk-pfd.o
  CC      drivers/acpi/acpica/utmath.o
  CC      drivers/acpi/acpica/utmisc.o
  CC      drivers/clk/imx/clk-pfdv2.o
  CC      drivers/dma/mv_xor_v2.o
  CC [M]  net/netfilter/nf_tables_offload.o
  CC      drivers/acpi/acpica/utmutex.o
  CC      drivers/acpi/acpica/utnonansi.o
  CC      drivers/clk/imx/clk-pllv1.o
  CC      drivers/acpi/acpica/utobject.o
  CC      drivers/dma/mxs-dma.o
  CC      drivers/clk/imx/clk-pllv2.o
  CC      drivers/acpi/acpica/utosi.o
  CC [M]  net/netfilter/nft_set_hash.o
  CC      drivers/clk/imx/clk-pllv3.o
  CC      drivers/dma/stm32-dma.o
  CC      drivers/acpi/acpica/utownerid.o
  CC      drivers/acpi/acpica/utpredef.o
  CC      drivers/clk/imx/clk-pllv4.o
  CC      drivers/acpi/acpica/utresdecode.o
  CC      drivers/acpi/acpica/utresrc.o
  CC [M]  net/netfilter/nft_set_bitmap.o
  CC      drivers/acpi/acpica/utstate.o
  CC      drivers/clk/imx/clk-pll14xx.o
  CC      drivers/dma/stm32-dmamux.o
  CC      drivers/acpi/acpica/utstring.o
  CC      drivers/acpi/acpica/utstrsuppt.o
  CC      drivers/dma/stm32-mdma.o
  CC [M]  net/netfilter/nft_set_rbtree.o
  CC      drivers/clk/imx/clk-sscg-pll.o
  CC      drivers/acpi/acpica/utstrtoul64.o
  CC      drivers/acpi/acpica/utxface.o
  CC      drivers/clk/imx/clk-gpr-mux.o
  CC      drivers/acpi/acpica/utxfinit.o
  CC [M]  net/netfilter/nft_set_pipapo.o
  CC      drivers/clk/imx/clk-imx8mm.o
  CC      drivers/acpi/acpica/utxferror.o
  CC      drivers/dma/tegra20-apb-dma.o
  CC      drivers/acpi/acpica/utxfmutex.o
  CC      drivers/clk/imx/clk-imx8mn.o
  AR      drivers/acpi/acpica/built-in.a
  CC      drivers/acpi/dptf/int340x_thermal.o
  AR      drivers/dma/built-in.a
  AR      drivers/clk/ingenic/built-in.a
  CC [M]  net/netfilter/x_tables.o
  AR      net/ipv4/netfilter/built-in.a
  CC [M]  net/ipv4/netfilter/ip_tables.o
  AR      drivers/acpi/dptf/built-in.a
  CC      drivers/acpi/arm64/agdi.o
  CC      drivers/clk/imx/clk-imx8mp.o
  CC      drivers/acpi/arm64/iort.o
  CC      drivers/clk/imx/clk-imx8mp-audiomix.o
  CC      drivers/clk/imx/clk-imx8mq.o
  CC      drivers/acpi/arm64/gtdt.o
  CC      net/ipv4/route.o
  AR      drivers/clk/imx/built-in.a
  CC      drivers/clk/keystone/syscon-clk.o
  CC      drivers/acpi/arm64/apmt.o
  CC [M]  net/netfilter/xt_tcpudp.o
  AR      drivers/clk/keystone/built-in.a
  CC      drivers/clk/mediatek/clk-mtk.o
  CC      drivers/acpi/arm64/amba.o
  LD [M]  net/netfilter/nf_tables.o
  CC      drivers/clk/mediatek/clk-pll.o
  CC      drivers/acpi/arm64/dma.o
  AR      net/netfilter/built-in.a
  CC      drivers/clk/meson/meson-clkc-utils.o
  CC      drivers/acpi/arm64/init.o
  CC      drivers/clk/meson/meson-aoclk.o
  CC      drivers/clk/mediatek/clk-gate.o
  CC      drivers/acpi/arm64/thermal_cpufreq.o
  CC      drivers/clk/meson/clk-cpu-dyndiv.o
  CC      net/ipv4/inetpeer.o
  CC      drivers/clk/mediatek/clk-apmixed.o
  AR      drivers/acpi/arm64/built-in.a
  CC      drivers/acpi/tables.o
  CC      drivers/clk/meson/clk-dualdiv.o
  CC      drivers/clk/mediatek/clk-cpumux.o
  CC      drivers/acpi/osi.o
  CC      drivers/clk/meson/meson-eeclk.o
  CC      net/ipv4/protocol.o
  CC      drivers/clk/mediatek/reset.o
  CC      drivers/acpi/osl.o
  CC      drivers/clk/meson/clk-mpll.o
  CC      drivers/clk/mediatek/clk-mux.o
  CC      drivers/clk/meson/clk-pll.o
  CC      net/ipv4/ip_input.o
  CC      drivers/clk/mediatek/clk-fhctl.o
  CC      drivers/acpi/utils.o
  CC      drivers/clk/mediatek/clk-pllfh.o
  CC      drivers/clk/meson/clk-regmap.o
  CC      drivers/clk/mediatek/clk-mt6765.o
  CC      drivers/clk/meson/vid-pll-div.o
  CC      drivers/acpi/reboot.o
  CC      net/ipv4/ip_fragment.o
  CC      drivers/clk/mediatek/clk-mt6765-audio.o
  CC      drivers/acpi/nvs.o
  CC      drivers/clk/meson/axg.o
  CC      drivers/clk/mediatek/clk-mt6765-cam.o
  CC      drivers/acpi/wakeup.o
  CC      drivers/clk/meson/axg-aoclk.o
  CC      drivers/clk/mediatek/clk-mt6765-img.o
  CC      drivers/clk/meson/gxbb.o
  CC      drivers/clk/mediatek/clk-mt6765-mipi0a.o
  CC      net/ipv4/ip_forward.o
  CC      drivers/acpi/device_sysfs.o
  CC      drivers/clk/mediatek/clk-mt6765-mm.o
  CC      drivers/clk/meson/gxbb-aoclk.o
  CC      drivers/clk/mediatek/clk-mt6765-vcodec.o
  CC      drivers/clk/meson/g12a.o
  CC      drivers/clk/mediatek/clk-mt6779.o
  CC      net/ipv4/ip_options.o
  CC      drivers/clk/meson/g12a-aoclk.o
  CC      drivers/acpi/device_pm.o
  CC      drivers/clk/mediatek/clk-mt6779-mm.o
  AR      drivers/clk/meson/built-in.a
  AR      drivers/soc/apple/built-in.a
  AR      drivers/soc/aspeed/built-in.a
  AR      drivers/soc/bcm/built-in.a
  CC      drivers/soc/fsl/qbman/bman_ccsr.o
  CC      drivers/clk/mediatek/clk-mt6779-img.o
  CC      drivers/clk/mediatek/clk-mt6779-ipe.o
  CC      drivers/soc/fsl/qbman/qman_ccsr.o
  CC      drivers/acpi/bus.o
  CC      drivers/clk/mediatek/clk-mt6779-cam.o
  CC      net/ipv4/ip_output.o
  CC      drivers/clk/mediatek/clk-mt6779-vdec.o
  CC      drivers/clk/mediatek/clk-mt6779-venc.o
  CC      drivers/soc/fsl/qbman/bman_portal.o
  CC      drivers/clk/mediatek/clk-mt6779-mfg.o
  CC      drivers/acpi/glue.o
  CC      drivers/clk/mediatek/clk-mt6779-aud.o
  CC      drivers/soc/fsl/qbman/qman_portal.o
  CC      drivers/clk/mediatek/clk-mt6797.o
  CC      drivers/acpi/scan.o
  CC      drivers/clk/mediatek/clk-mt6797-img.o
  CC      net/ipv4/ip_sockglue.o
  CC      drivers/soc/fsl/qbman/bman.o
  CC      drivers/clk/mediatek/clk-mt6797-mm.o
  CC      drivers/clk/mediatek/clk-mt6797-vdec.o
  CC      drivers/clk/mediatek/clk-mt6797-venc.o
  CC      drivers/soc/fsl/qbman/qman.o
  CC      drivers/acpi/mipi-disco-img.o
  CC      drivers/clk/mediatek/clk-mt2712-apmixedsys.o
  CC      drivers/clk/mediatek/clk-mt2712.o
  CC      drivers/acpi/resource.o
  CC      net/ipv4/inet_hashtables.o
  CC      drivers/clk/mediatek/clk-mt2712-bdp.o
  CC      drivers/clk/mediatek/clk-mt2712-img.o
  CC      drivers/clk/mediatek/clk-mt2712-jpgdec.o
  CC      drivers/acpi/acpi_processor.o
  CC      drivers/soc/fsl/qbman/dpaa_sys.o
  CC      drivers/clk/mediatek/clk-mt2712-mfg.o
  AR      drivers/soc/fsl/qbman/built-in.a
  CC      drivers/soc/fsl/qe/qe.o
  CC      drivers/clk/mediatek/clk-mt2712-mm.o
  CC      drivers/acpi/processor_core.o
  CC      drivers/clk/mediatek/clk-mt2712-vdec.o
  CC      drivers/clk/mediatek/clk-mt2712-venc.o
  CC      net/ipv4/inet_timewait_sock.o
  CC      drivers/soc/fsl/qe/qe_common.o
  CC      drivers/acpi/ec.o
  CC      drivers/clk/mediatek/clk-mt7622-apmixedsys.o
  CC      drivers/soc/fsl/qe/qe_ic.o
  CC      drivers/clk/mediatek/clk-mt7622.o
  CC      drivers/soc/fsl/qe/qe_io.o
  CC      drivers/clk/mediatek/clk-mt7622-infracfg.o
  CC      net/ipv4/inet_connection_sock.o
  CC      drivers/clk/mediatek/clk-mt7622-eth.o
  AR      drivers/soc/fsl/qe/built-in.a
  CC      drivers/soc/fsl/rcpm.o
  CC      drivers/clk/mediatek/clk-mt7622-hif.o
  CC      drivers/acpi/dock.o
  CC      drivers/clk/mediatek/clk-mt7622-aud.o
  AR      drivers/soc/fsl/built-in.a
  CC      drivers/soc/fujitsu/a64fx-diag.o
  CC      drivers/clk/mediatek/clk-mt7981-apmixed.o
  AR      drivers/soc/fujitsu/built-in.a
  AR      drivers/soc/hisilicon/built-in.a
  CC      drivers/soc/imx/soc-imx8m.o
  CC      drivers/acpi/pci_root.o
  CC      drivers/clk/mediatek/clk-mt7981-topckgen.o
  AR      drivers/soc/imx/built-in.a
  AR      drivers/soc/ixp4xx/built-in.a
  AR      drivers/soc/loongson/built-in.a
  CC      drivers/soc/mediatek/mtk-infracfg.o
  CC      drivers/clk/mediatek/clk-mt7981-infracfg.o
  CC      drivers/soc/mediatek/mtk-regulator-coupler.o
  CC      net/ipv4/tcp.o
  CC      drivers/clk/mediatek/clk-mt7986-apmixed.o
  CC      drivers/acpi/pci_link.o
  AR      drivers/soc/mediatek/built-in.a
  AR      drivers/soc/microchip/built-in.a
  AR      drivers/soc/nuvoton/built-in.a
  AR      drivers/soc/pxa/built-in.a
  CC      drivers/soc/amlogic/meson-clk-measure.o
  CC      drivers/clk/mediatek/clk-mt7986-topckgen.o
  CC      drivers/clk/mediatek/clk-mt7986-infracfg.o
  CC      drivers/acpi/pci_irq.o
  CC      drivers/soc/amlogic/meson-gx-socinfo.o
  CC      drivers/clk/mediatek/clk-mt7986-eth.o
  AR      drivers/soc/amlogic/built-in.a
  CC      drivers/soc/qcom/qcom-geni-se.o
  CC      drivers/acpi/acpi_lpss.o
  CC      drivers/clk/mediatek/clk-mt8167-apmixedsys.o
  CC      drivers/clk/mediatek/clk-mt8167.o
  CC      drivers/acpi/acpi_apd.o
  CC      drivers/soc/qcom/cmd-db.o
  CC      drivers/clk/mediatek/clk-mt8167-aud.o
  CC      drivers/acpi/acpi_platform.o
  CC      drivers/clk/mediatek/clk-mt8167-img.o
  CC      drivers/soc/qcom/rpmh-rsc.o
  CC      drivers/clk/mediatek/clk-mt8167-mfgcfg.o
  CC      drivers/acpi/acpi_pnp.o
  CC      drivers/clk/mediatek/clk-mt8167-mm.o
  CC      net/ipv4/tcp_input.o
  CC      drivers/clk/mediatek/clk-mt8167-vdec.o
  CC      drivers/soc/qcom/rpmh.o
  CC      drivers/clk/mediatek/clk-mt8173-apmixedsys.o
  CC      drivers/acpi/power.o
  CC      drivers/clk/mediatek/clk-mt8173-infracfg.o
  CC      drivers/soc/qcom/spm.o
  CC      drivers/acpi/event.o
  CC      drivers/clk/mediatek/clk-mt8173-pericfg.o
  CC      drivers/soc/qcom/kryo-l2-accessors.o
  CC      drivers/clk/mediatek/clk-mt8173-topckgen.o
  AR      drivers/soc/qcom/built-in.a
  CC      drivers/soc/renesas/renesas-soc.o
  CC      drivers/clk/mediatek/clk-mt8173-mm.o
  CC      drivers/soc/renesas/pwc-rzv2m.o
  CC      drivers/acpi/evged.o
  CC      drivers/clk/mediatek/clk-mt8183-apmixedsys.o
  CC      drivers/soc/renesas/rcar-rst.o
  CC      drivers/acpi/sysfs.o
  CC      drivers/clk/mediatek/clk-mt8183.o
  AR      drivers/soc/renesas/built-in.a
  CC      drivers/clk/mediatek/clk-mt8183-audio.o
  CC      drivers/soc/rockchip/grf.o
  CC      drivers/acpi/property.o
  CC      drivers/clk/mediatek/clk-mt8183-cam.o
  AR      drivers/soc/rockchip/built-in.a
  CC      drivers/soc/sunxi/sunxi_mbus.o
  CC      drivers/clk/mediatek/clk-mt8183-img.o
  CC      drivers/soc/sunxi/sunxi_sram.o
  CC      net/ipv4/tcp_output.o
  CC      drivers/clk/mediatek/clk-mt8183-ipu0.o
  CC      drivers/acpi/debugfs.o
  CC      drivers/clk/mediatek/clk-mt8183-ipu1.o
  AR      drivers/soc/sunxi/built-in.a
  CC      drivers/soc/tegra/fuse/fuse-tegra.o
  CC      drivers/clk/mediatek/clk-mt8183-ipu_adl.o
  CC      drivers/clk/mediatek/clk-mt8183-ipu_conn.o
  CC      drivers/acpi/acpi_lpat.o
  CC      drivers/soc/tegra/fuse/fuse-tegra30.o
  CC      drivers/clk/mediatek/clk-mt8183-mfgcfg.o
  CC      drivers/clk/mediatek/clk-mt8183-mm.o
  CC      drivers/soc/tegra/fuse/tegra-apbmisc.o
  CC      drivers/acpi/acpi_fpdt.o
  CC      drivers/clk/mediatek/clk-mt8183-vdec.o
  CC      drivers/acpi/irq.o
  CC      drivers/clk/mediatek/clk-mt8183-venc.o
  CC      drivers/soc/tegra/fuse/speedo-tegra124.o
  CC      drivers/clk/mediatek/clk-mt8186-apmixedsys.o
  CC      drivers/soc/tegra/fuse/speedo-tegra210.o
  CC      drivers/clk/mediatek/clk-mt8186-topckgen.o
  CC      drivers/acpi/prmt.o
  AR      drivers/soc/tegra/fuse/built-in.a
  AR      drivers/soc/tegra/cbb/built-in.a
  CC      drivers/soc/tegra/common.o
  CC      net/ipv4/tcp_timer.o
  CC      drivers/clk/mediatek/clk-mt8186-infra_ao.o
  CC      drivers/acpi/acpi_pcc.o
  CC      drivers/clk/mediatek/clk-mt8192-apmixedsys.o
  CC      drivers/soc/tegra/flowctrl.o
  CC      drivers/acpi/acpi_ffh.o
  CC      drivers/clk/mediatek/clk-mt8192.o
  CC      drivers/soc/tegra/pmc.o
  CC      drivers/acpi/pci_mcfg.o
  CC      drivers/clk/mediatek/clk-mt8192-aud.o
  CC      drivers/clk/mediatek/clk-mt8192-cam.o
  CC      drivers/acpi/ac.o
  CC      net/ipv4/tcp_ipv4.o
  CC      drivers/clk/mediatek/clk-mt8192-img.o
  CC      drivers/acpi/button.o
  CC      drivers/clk/mediatek/clk-mt8192-imp_iic_wrap.o
  CC      drivers/clk/mediatek/clk-mt8192-ipe.o
  CC      drivers/soc/tegra/ari-tegra186.o
  AR      drivers/soc/tegra/built-in.a
  CC      drivers/clk/mediatek/clk-mt8192-mdp.o
  CC      drivers/soc/ti/ti_sci_inta_msi.o
  CC      drivers/acpi/fan_core.o
  CC      drivers/clk/mediatek/clk-mt8192-mfg.o
  CC      drivers/acpi/fan_attr.o
  CC      drivers/soc/ti/k3-ringacc.o
  CC      drivers/clk/mediatek/clk-mt8192-mm.o
  CC      drivers/clk/mediatek/clk-mt8192-msdc.o
  CC      drivers/acpi/pci_slot.o
  CC      drivers/clk/mediatek/clk-mt8192-scp_adsp.o
  CC      drivers/acpi/processor_driver.o
  CC      drivers/clk/mediatek/clk-mt8192-vdec.o
  CC      net/ipv4/tcp_minisocks.o
  CC      drivers/acpi/processor_thermal.o
  CC      drivers/clk/mediatek/clk-mt8192-venc.o
  CC      drivers/soc/ti/k3-socinfo.o
  CC      drivers/clk/mediatek/clk-mt8195-apmixedsys.o
  CC      drivers/acpi/processor_idle.o
  AR      drivers/soc/ti/built-in.a
  CC      drivers/soc/xilinx/zynqmp_power.o
  CC      drivers/clk/mediatek/clk-mt8195-topckgen.o
  CC      drivers/clk/mediatek/clk-mt8195-peri_ao.o
  CC      drivers/soc/xilinx/xlnx_event_manager.o
  CC      drivers/acpi/processor_perflib.o
  CC      drivers/clk/mediatek/clk-mt8195-infra_ao.o
  CC      net/ipv4/tcp_cong.o
  CC      drivers/clk/mediatek/clk-mt8516-apmixedsys.o
  CC      drivers/clk/mediatek/clk-mt8516.o
  AR      drivers/soc/xilinx/built-in.a
  AR      drivers/soc/built-in.a
  CC      drivers/acpi/container.o
  CC      net/unix/af_unix.o
  CC      drivers/clk/mediatek/clk-mt8516-aud.o
  CC      drivers/acpi/thermal_lib.o
  AR      drivers/clk/mediatek/built-in.a
  AR      drivers/clk/microchip/built-in.a
  AR      drivers/clk/mstar/built-in.a
  CC      drivers/clk/mvebu/armada_ap_cp_helper.o
  CC      drivers/clk/mvebu/armada-37xx-xtal.o
  CC      net/ipv4/tcp_metrics.o
  CC      drivers/acpi/thermal.o
  CC      drivers/clk/mvebu/armada-37xx-tbg.o
  CC      drivers/clk/mvebu/armada-37xx-periph.o
  CC      drivers/acpi/acpi_memhotplug.o
  CC      drivers/clk/mvebu/ap806-system-controller.o
  CC      net/ipv4/tcp_fastopen.o
  CC      drivers/acpi/battery.o
  CC      drivers/clk/mvebu/cp110-system-controller.o
  CC      net/unix/garbage.o
  AR      drivers/clk/mvebu/built-in.a
  CC      drivers/clk/nuvoton/clk-ma35d1.o
  CC      net/unix/sysctl_net_unix.o
  CC      drivers/acpi/hed.o
  CC      drivers/clk/nuvoton/clk-ma35d1-divider.o
  CC      net/ipv4/tcp_rate.o
  CC      net/unix/unix_bpf.o
  CC      drivers/acpi/bgrt.o
  CC      drivers/clk/nuvoton/clk-ma35d1-pll.o
  CC      drivers/acpi/spcr.o
  CC      net/unix/scm.o
  AR      drivers/clk/nuvoton/built-in.a
  CC      drivers/clk/qcom/common.o
  CC      net/ipv4/tcp_recovery.o
  CC      drivers/acpi/pptt.o
  CC      drivers/clk/qcom/clk-regmap.o
  AR      net/unix/built-in.a
  CC      drivers/pmdomain/actions/owl-sps-helper.o
  CC      drivers/acpi/viot.o
  CC      net/ipv4/tcp_ulp.o
  CC      drivers/pmdomain/actions/owl-sps.o
  CC      drivers/clk/qcom/clk-alpha-pll.o
  AR      drivers/acpi/built-in.a
  CC      drivers/pmdomain/amlogic/meson-gx-pwrc-vpu.o
  AR      drivers/pmdomain/actions/built-in.a
  CC      drivers/pmdomain/apple/pmgr-pwrstate.o
  CC      drivers/pmdomain/amlogic/meson-ee-pwrc.o
  AR      drivers/pmdomain/apple/built-in.a
  CC      net/ipv4/tcp_offload.o
  CC      drivers/pmdomain/amlogic/meson-secure-pwrc.o
  AR      net/ipv6/netfilter/built-in.a
  CC      net/ipv6/af_inet6.o
  CC      drivers/clk/qcom/clk-pll.o
  AR      drivers/pmdomain/amlogic/built-in.a
  AR      drivers/pmdomain/arm/built-in.a
  AR      drivers/pmdomain/bcm/built-in.a
  CC      drivers/pmdomain/imx/gpcv2.o
  CC      drivers/clk/qcom/clk-rcg.o
  CC      drivers/pmdomain/imx/imx8m-blk-ctrl.o
  CC      net/ipv4/tcp_plb.o
  CC      drivers/clk/qcom/clk-rcg2.o
  CC      drivers/pmdomain/imx/imx8mp-blk-ctrl.o
  CC      net/ipv6/anycast.o
  AR      drivers/pmdomain/imx/built-in.a
  CC      drivers/pmdomain/mediatek/mtk-scpsys.o
  CC      drivers/clk/qcom/clk-branch.o
  CC      drivers/pmdomain/mediatek/mtk-pm-domains.o
  CC      net/ipv4/datagram.o
  CC      drivers/clk/qcom/clk-regmap-divider.o
  CC      net/ipv6/ip6_output.o
  CC      drivers/clk/qcom/clk-regmap-mux.o
  AR      drivers/pmdomain/mediatek/built-in.a
  CC      drivers/pmdomain/qcom/rpmhpd.o
  CC      drivers/clk/qcom/clk-regmap-mux-div.o
  AR      drivers/pmdomain/qcom/built-in.a
  CC      drivers/pmdomain/renesas/r8a774a1-sysc.o
  CC      drivers/pmdomain/renesas/r8a774b1-sysc.o
  CC      net/ipv4/raw.o
  CC      drivers/pmdomain/renesas/r8a774c0-sysc.o
  CC      drivers/clk/qcom/clk-regmap-phy-mux.o
  CC      drivers/pmdomain/renesas/r8a774e1-sysc.o
  CC      drivers/pmdomain/renesas/r8a7795-sysc.o
  CC      drivers/clk/qcom/clk-hfpll.o
  CC      drivers/pmdomain/renesas/r8a7796-sysc.o
  CC      drivers/pmdomain/renesas/r8a77965-sysc.o
  CC      drivers/pmdomain/renesas/r8a77970-sysc.o
  CC      drivers/pmdomain/renesas/r8a77980-sysc.o
  CC      drivers/pmdomain/renesas/r8a77990-sysc.o
  CC      drivers/clk/qcom/reset.o
  CC      drivers/pmdomain/renesas/r8a77995-sysc.o
  CC      drivers/pmdomain/renesas/r8a779a0-sysc.o
  CC      drivers/clk/qcom/gdsc.o
  CC      net/ipv6/ip6_input.o
  CC      drivers/pmdomain/renesas/r8a779f0-sysc.o
  CC      net/ipv4/udp.o
  CC      drivers/pmdomain/renesas/r8a779g0-sysc.o
  CC      drivers/pmdomain/renesas/rcar-sysc.o
  CC      drivers/clk/qcom/clk-rpmh.o
  CC      drivers/clk/qcom/gcc-sa8775p.o
  CC      drivers/pmdomain/renesas/rcar-gen4-sysc.o
  CC      drivers/clk/qcom/gcc-sc7180.o
  AR      drivers/pmdomain/renesas/built-in.a
  CC      drivers/pmdomain/rockchip/pm-domains.o
  CC      net/ipv6/addrconf.o
  CC      drivers/clk/qcom/gcc-sc7280.o
  CC      drivers/clk/qcom/gcc-sc8180x.o
  AR      drivers/pmdomain/rockchip/built-in.a
  AR      drivers/pmdomain/samsung/built-in.a
  AR      drivers/pmdomain/st/built-in.a
  AR      drivers/pmdomain/starfive/built-in.a
  CC      drivers/pmdomain/sunxi/sun20i-ppu.o
  CC      drivers/clk/qcom/gcc-sc8280xp.o
  AR      drivers/pmdomain/sunxi/built-in.a
  CC      drivers/pmdomain/tegra/powergate-bpmp.o
  AR      drivers/clk/qcom/built-in.a
  AR      drivers/clk/ralink/built-in.a
  CC      drivers/clk/renesas/r8a774a1-cpg-mssr.o
  AR      drivers/pmdomain/tegra/built-in.a
  CC      net/ipv4/udplite.o
  AR      drivers/pmdomain/ti/built-in.a
  CC      drivers/pmdomain/xilinx/zynqmp-pm-domains.o
  CC      drivers/clk/renesas/r8a774b1-cpg-mssr.o
  AR      drivers/pmdomain/xilinx/built-in.a
  CC      drivers/pmdomain/core.o
  CC      drivers/clk/renesas/r8a774c0-cpg-mssr.o
  CC      drivers/clk/renesas/r8a774e1-cpg-mssr.o
  CC      drivers/clk/renesas/r8a7795-cpg-mssr.o
  CC      net/ipv4/udp_offload.o
  CC      drivers/clk/renesas/r8a7796-cpg-mssr.o
  CC      drivers/clk/renesas/r8a77965-cpg-mssr.o
  CC      drivers/pmdomain/governor.o
  CC      drivers/clk/renesas/r8a77970-cpg-mssr.o
  CC      net/ipv6/addrlabel.o
  CC      drivers/clk/renesas/r8a77980-cpg-mssr.o
  AR      drivers/pmdomain/built-in.a
  CC      drivers/virtio/virtio.o
  CC      drivers/clk/renesas/r8a77990-cpg-mssr.o
  CC      net/ipv4/arp.o
  CC      drivers/clk/renesas/r8a77995-cpg-mssr.o
  CC      net/ipv6/route.o
  CC      drivers/clk/renesas/r8a779a0-cpg-mssr.o
  CC      drivers/virtio/virtio_ring.o
  CC      drivers/clk/renesas/r8a779f0-cpg-mssr.o
  CC      drivers/clk/renesas/r8a779g0-cpg-mssr.o
  CC      drivers/clk/renesas/r9a07g043-cpg.o
  CC      drivers/clk/renesas/r9a07g044-cpg.o
  CC      drivers/virtio/virtio_anchor.o
  CC      net/ipv4/icmp.o
  CC      drivers/clk/renesas/r9a08g045-cpg.o
  CC      drivers/clk/renesas/r9a09g011-cpg.o
  CC      drivers/virtio/virtio_pci_modern_dev.o
  CC      drivers/clk/renesas/rcar-cpg-lib.o
  CC      drivers/clk/renesas/rcar-gen3-cpg.o
  CC      drivers/virtio/virtio_pci_legacy_dev.o
  CC      net/ipv4/devinet.o
  CC      drivers/clk/renesas/rcar-gen4-cpg.o
  CC      drivers/clk/renesas/rcar-usb2-clock-sel.o
  CC      drivers/virtio/virtio_mmio.o
  CC      net/ipv6/ip6_fib.o
  CC      drivers/clk/renesas/rzg2l-cpg.o
  CC      drivers/virtio/virtio_pci_modern.o
  CC      drivers/clk/renesas/renesas-cpg-mssr.o
  CC      drivers/virtio/virtio_pci_common.o
  CC      net/ipv4/af_inet.o
  CC      drivers/clk/renesas/clk-div6.o
  CC      drivers/virtio/virtio_pci_legacy.o
  CC      net/ipv6/ipv6_sockglue.o
  AR      drivers/clk/renesas/built-in.a
  CC      drivers/clk/rockchip/clk.o
  CC      drivers/virtio/virtio_balloon.o
  CC      drivers/clk/rockchip/clk-pll.o
  AR      drivers/virtio/built-in.a
  CC      net/packet/af_packet.o
  CC      drivers/clk/rockchip/clk-cpu.o
  CC      net/ipv4/igmp.o
  CC      drivers/clk/rockchip/clk-half-divider.o
  CC      net/ipv6/ndisc.o
  CC      drivers/clk/rockchip/clk-inverter.o
  CC      drivers/clk/rockchip/clk-mmc-phase.o
  CC      drivers/clk/rockchip/clk-muxgrf.o
  CC      drivers/clk/rockchip/clk-ddr.o
  CC      drivers/clk/rockchip/softrst.o
  CC      net/ipv4/fib_frontend.o
  CC      drivers/clk/rockchip/clk-px30.o
  CC      net/ipv6/udp.o
  AR      net/packet/built-in.a
  AR      net/dsa/built-in.a
  CC      net/ipv4/fib_semantics.o
  CC      drivers/clk/rockchip/clk-rk3308.o
  CC      drivers/clk/rockchip/clk-rk3328.o
  CC      drivers/clk/rockchip/clk-rk3368.o
  CC      drivers/clk/rockchip/clk-rk3399.o
  CC      drivers/clk/rockchip/clk-rk3568.o
  CC      drivers/clk/socfpga/clk-s10.o
  CC      drivers/clk/rockchip/clk-rk3588.o
  CC      drivers/clk/socfpga/clk-pll-s10.o
  CC      net/ipv4/fib_trie.o
  CC      net/ipv6/udplite.o
  CC      drivers/clk/socfpga/clk-periph-s10.o
  CC      drivers/clk/rockchip/rst-rk3588.o
  CC      drivers/clk/socfpga/clk-gate-s10.o
  AR      drivers/clk/rockchip/built-in.a
  AR      drivers/clk/sprd/built-in.a
  CC      drivers/xen/events/events_base.o
  CC      net/ipv6/raw.o
  CC      drivers/clk/socfpga/clk-agilex.o
  AR      drivers/clk/socfpga/built-in.a
  AR      drivers/clk/stm32/built-in.a
  AR      drivers/clk/starfive/built-in.a
  AR      drivers/clk/sunxi/built-in.a
  CC      drivers/clk/sunxi-ng/ccu_common.o
  CC      drivers/xen/events/events_2l.o
  CC      drivers/clk/sunxi-ng/ccu_mmc_timing.o
  CC      drivers/clk/sunxi-ng/ccu_reset.o
  CC      net/ipv4/fib_notifier.o
  CC      drivers/xen/events/events_fifo.o
  CC      drivers/clk/sunxi-ng/ccu_div.o
  CC      net/ipv6/icmp.o
  AR      drivers/xen/events/built-in.a
  CC      drivers/xen/xenbus/xenbus_client.o
  CC      net/ipv4/inet_fragment.o
  CC      drivers/clk/sunxi-ng/ccu_frac.o
  CC      drivers/clk/sunxi-ng/ccu_gate.o
  CC      drivers/xen/xenbus/xenbus_comms.o
  CC      drivers/clk/sunxi-ng/ccu_mux.o
  CC      drivers/xen/xenbus/xenbus_xs.o
  CC      net/ipv6/mcast.o
  CC      net/ipv4/ping.o
  CC      drivers/clk/sunxi-ng/ccu_mult.o
  CC      drivers/xen/xenbus/xenbus_probe.o
  CC      drivers/clk/sunxi-ng/ccu_phase.o
  CC      drivers/clk/sunxi-ng/ccu_sdm.o
  CC      drivers/xen/xenbus/xenbus_probe_backend.o
  CC      drivers/clk/sunxi-ng/ccu_nk.o
  CC      net/ipv4/ip_tunnel_core.o
  CC      drivers/xen/xenbus/xenbus_dev_frontend.o
  CC      drivers/clk/sunxi-ng/ccu_nkm.o
  CC      net/ipv6/reassembly.o
  CC      drivers/clk/sunxi-ng/ccu_nkmp.o
  CC      drivers/xen/xenbus/xenbus_dev_backend.o
  CC      drivers/clk/sunxi-ng/ccu_nm.o
  CC      net/ipv4/gre_offload.o
  CC      drivers/xen/xenbus/xenbus_probe_frontend.o
  CC      net/ipv6/tcp_ipv6.o
  CC      drivers/clk/sunxi-ng/ccu_mp.o
  CC      net/ipv4/metrics.o
  AR      drivers/xen/xenbus/built-in.a
  CC      drivers/xen/cpu_hotplug.o
  CC      drivers/clk/sunxi-ng/ccu-sun50i-a64.o
  CC      drivers/xen/grant-table.o
  CC      drivers/clk/sunxi-ng/ccu-sun50i-a100.o
  CC      drivers/clk/sunxi-ng/ccu-sun50i-a100-r.o
  CC      drivers/clk/sunxi-ng/ccu-sun50i-h6.o
  CC      net/ipv4/netlink.o
  CC      drivers/clk/sunxi-ng/ccu-sun50i-h6-r.o
  CC      drivers/xen/features.o
  CC      drivers/xen/balloon.o
  CC      drivers/clk/sunxi-ng/ccu-sun50i-h616.o
  CC      net/ipv6/ping.o
  CC      drivers/clk/sunxi-ng/ccu-sun8i-h3.o
  CC      net/ipv4/nexthop.o
  CC      drivers/clk/sunxi-ng/ccu-sun8i-de2.o
  CC      drivers/xen/manage.o
  CC      drivers/clk/sunxi-ng/ccu-sun8i-r.o
  CC      net/ipv6/exthdrs.o
  AR      drivers/clk/sunxi-ng/built-in.a
  CC      drivers/clk/tegra/clk.o
  CC      drivers/xen/time.o
  CC      drivers/clk/tegra/clk-audio-sync.o
  CC      drivers/xen/mem-reservation.o
  CC      drivers/clk/tegra/clk-device.o
  CC      drivers/clk/tegra/clk-dfll.o
  CC      drivers/xen/arm-device.o
  CC      net/ipv6/datagram.o
  CC      net/ipv4/udp_tunnel_stub.o
  CC      drivers/xen/pci.o
  CC      drivers/clk/tegra/clk-divider.o
  CC      drivers/xen/dbgp.o
  CC      drivers/clk/tegra/clk-periph.o
  CC      net/ipv4/sysctl_net_ipv4.o
  CC      drivers/clk/tegra/clk-periph-fixed.o
  CC      drivers/clk/tegra/clk-periph-gate.o
  CC      net/ipv6/ip6_flowlabel.o
  CC      drivers/xen/biomerge.o
  CC      drivers/clk/tegra/clk-pll.o
  CC      drivers/xen/xen-balloon.o
  CC      net/ipv4/proc.o
  CC      drivers/xen/sys-hypervisor.o
  CC      net/ipv4/fib_rules.o
  CC      drivers/clk/tegra/clk-pll-out.o
  CC      net/ipv6/inet6_connection_sock.o
  CC      drivers/xen/swiotlb-xen.o
  CC      drivers/clk/tegra/clk-sdmmc-mux.o
  CC      drivers/clk/tegra/clk-super.o
  CC      drivers/xen/efi.o
  CC      drivers/clk/tegra/clk-tegra-audio.o
  CC      drivers/xen/xlate_mmu.o
  CC      drivers/clk/tegra/clk-tegra-periph.o
  CC      net/ipv6/udp_offload.o
  CC      net/ipv4/ipmr.o
  CC      drivers/clk/tegra/clk-tegra-fixed.o
  CC      drivers/clk/tegra/clk-tegra-super-cclk.o
  CC      drivers/xen/unpopulated-alloc.o
  CC      net/ipv6/seg6.o
  CC      drivers/clk/tegra/clk-tegra-super-gen4.o
  CC      drivers/clk/tegra/clk-tegra124-dfll-fcpu.o
  CC      drivers/xen/grant-dma-ops.o
  CC      net/ipv6/fib6_notifier.o
  CC      drivers/clk/tegra/clk-tegra124.o
  CC      drivers/xen/grant-dma-iommu.o
  CC      drivers/clk/tegra/cvb.o
  CC      net/ipv6/rpl.o
  AR      drivers/xen/built-in.a
  AR      drivers/clk/ti/built-in.a
  CC      net/strparser/strparser.o
  CC      drivers/clk/tegra/clk-tegra210.o
  CC      net/ipv4/ipmr_base.o
  CC      net/ipv6/ioam6.o
  AR      net/strparser/built-in.a
  AR      net/wireless/tests/built-in.a
  CC      drivers/clk/tegra/clk-tegra210-emc.o
  AR      net/wireless/built-in.a
  CC      net/netlabel/netlabel_user.o
  CC      net/ipv6/sysctl_net_ipv6.o
  CC      net/ipv4/syncookies.o
  CC      drivers/clk/tegra/clk-bpmp.o
  CC      net/netlabel/netlabel_kapi.o
  CC      net/ipv6/ip6mr.o
  CC      drivers/clk/tegra/clk-utils.o
  AR      drivers/clk/tegra/built-in.a
  CC      drivers/clk/versatile/icst.o
  CC      drivers/clk/versatile/clk-icst.o
  CC      net/ipv4/netfilter.o
  CC      net/netlabel/netlabel_domainhash.o
  CC      drivers/clk/versatile/clk-versatile.o
  CC      drivers/clk/versatile/clk-sp810.o
  CC      net/netlabel/netlabel_addrlist.o
  CC      drivers/clk/versatile/clk-vexpress-osc.o
  CC      net/ipv4/tcp_cubic.o
  AR      drivers/clk/versatile/built-in.a
  CC      drivers/clk/visconti/clkc.o
  CC      net/ipv6/netfilter.o
  CC      net/netlabel/netlabel_mgmt.o
  CC      drivers/clk/visconti/pll.o
  CC      net/ipv4/tcp_sigpool.o
  CC      drivers/clk/visconti/reset.o
  CC      net/netlabel/netlabel_unlabeled.o
  CC      drivers/clk/visconti/pll-tmpv770x.o
  CC      drivers/clk/visconti/clkc-tmpv770x.o
  CC      net/ipv6/fib6_rules.o
  AR      drivers/clk/visconti/built-in.a
  AR      drivers/clk/xilinx/built-in.a
  CC      drivers/clk/zynqmp/pll.o
  CC      drivers/clk/zynqmp/clk-gate-zynqmp.o
  CC      net/netlabel/netlabel_cipso_v4.o
  CC      net/ipv4/tcp_bpf.o
  CC      drivers/clk/zynqmp/divider.o
  CC      drivers/clk/zynqmp/clk-mux-zynqmp.o
  CC      drivers/clk/zynqmp/clkc.o
  CC      net/netlabel/netlabel_calipso.o
  CC      net/ipv6/proc.o
  AR      drivers/clk/zynqmp/built-in.a
  CC      drivers/clk/clk-devres.o
  CC      net/ipv6/syncookies.o
  CC      drivers/clk/clk-bulk.o
  CC      net/ipv4/udp_bpf.o
  AR      net/netlabel/built-in.a
  CC      net/rfkill/core.o
  CC      drivers/clk/clkdev.o
  CC      net/rfkill/input.o
  CC      net/ipv6/calipso.o
  CC      drivers/clk/clk.o
  CC      net/ipv4/cipso_ipv4.o
  AR      net/rfkill/built-in.a
  CC      net/dcb/dcbnl.o
  CC      net/ipv6/seg6_iptunnel.o
  CC      net/ipv4/tcp_ao.o
  CC      net/dcb/dcbevent.o
  CC      net/ipv6/seg6_local.o
  CC      drivers/clk/clk-divider.o
  AR      net/dcb/built-in.a
  CC      net/dns_resolver/dns_key.o
  CC      net/ipv4/bpf_tcp_ca.o
  CC      net/dns_resolver/dns_query.o
  CC      drivers/clk/clk-fixed-factor.o
  AR      net/ipv4/built-in.a
  CC      net/ipv6/seg6_hmac.o
  CC      net/ipv6/ioam6_iptunnel.o
  AR      net/dns_resolver/built-in.a
  AR      net/mpls/built-in.a
  CC      drivers/regulator/core.o
  CC      drivers/clk/clk-fixed-rate.o
  CC      drivers/clk/clk-gate.o
  AR      drivers/reset/hisilicon/built-in.a
  AR      drivers/reset/starfive/built-in.a
  CC      drivers/reset/tegra/reset-bpmp.o
  AR      drivers/reset/tegra/built-in.a
  CC      drivers/reset/core.o
  CC      drivers/clk/clk-multiplier.o
  CC      net/ipv6/addrconf_core.o
  CC      drivers/clk/clk-mux.o
  CC      drivers/reset/reset-berlin.o
  CC      drivers/clk/clk-composite.o
  CC      drivers/reset/reset-imx7.o
  CC      net/ipv6/exthdrs_core.o
  CC      drivers/reset/reset-microchip-sparx5.o
  CC      drivers/regulator/dummy.o
  CC      drivers/clk/clk-fractional-divider.o
  CC      drivers/reset/reset-meson.o
  CC      drivers/regulator/fixed-helper.o
  CC      drivers/reset/reset-npcm.o
  CC      drivers/clk/clk-gpio.o
  CC      drivers/regulator/helpers.o
  CC      net/ipv6/ip6_checksum.o
  CC      drivers/reset/reset-ma35d1.o
  CC      drivers/clk/clk-conf.o
  CC      drivers/reset/reset-qcom-aoss.o
  CC      drivers/clk/clk-bm1880.o
  CC      drivers/reset/reset-rzg2l-usbphy-ctrl.o
  CC      drivers/regulator/devres.o
  CC      drivers/clk/clk-sparx5.o
  CC      drivers/reset/reset-simple.o
  CC      net/ipv6/ip6_icmp.o
  CC      drivers/clk/clk-fixed-mmio.o
  CC      drivers/regulator/irq_helpers.o
  CC      net/ipv6/output_core.o
  CC      drivers/reset/reset-sunxi.o
  CC      drivers/clk/clk-fsl-sai.o
  CC      drivers/reset/reset-zynqmp.o
  CC      drivers/clk/clk-qoriq.o
  AR      drivers/reset/built-in.a
  CC      net/switchdev/switchdev.o
  CC      drivers/regulator/event.o
  CC      drivers/clk/clk-scmi.o
  CC      net/ipv6/protocol.o
  CC      drivers/regulator/of_regulator.o
  CC      drivers/clk/clk-xgene.o
  AR      net/switchdev/built-in.a
  CC      net/l3mdev/l3mdev.o
  AR      drivers/clk/built-in.a
  CC      net/ipv6/ip6_offload.o
  CC      drivers/regulator/scmi-regulator.o
  CC      net/ipv6/tcpv6_offload.o
  CC      drivers/regulator/stm32-pwr.o
  AR      net/l3mdev/built-in.a
  CC      drivers/tty/vt/vt_ioctl.o
  CC      net/ipv6/exthdrs_offload.o
  CC      net/ncsi/ncsi-cmd.o
  AR      drivers/regulator/built-in.a
  CC      drivers/char/hw_random/core.o
  CC      net/ipv6/inet6_hashtables.o
  CC      net/ncsi/ncsi-rsp.o
  AR      drivers/char/hw_random/built-in.a
  AR      drivers/char/agp/built-in.a
  CC      drivers/char/tpm/tpm-chip.o
  CC      drivers/tty/vt/vc_screen.o
  CC      net/ncsi/ncsi-aen.o
  CC      drivers/tty/vt/selection.o
  CC      drivers/char/tpm/tpm-dev-common.o
  CC      net/ipv6/mcast_snoop.o
  CC      net/ncsi/ncsi-manage.o
  CC      drivers/char/tpm/tpm-dev.o
  CC      drivers/tty/vt/keyboard.o
  CC      drivers/char/tpm/tpm-interface.o
  CC      net/ipv6/tcp_ao.o
  CC      drivers/char/tpm/tpm1-cmd.o
  CC      drivers/tty/vt/consolemap.o
  CC      net/ncsi/ncsi-netlink.o
  AR      net/ipv6/built-in.a
  CC      drivers/char/mem.o
  CC      drivers/char/tpm/tpm2-cmd.o
  AR      net/ncsi/built-in.a
  HOSTCC  drivers/tty/vt/conmakehash
  CC      net/xdp/xsk.o
  CC      net/mptcp/protocol.o
  CC      drivers/tty/vt/vt.o
  CC      drivers/char/tpm/tpmrm-dev.o
  CC      drivers/char/tpm/tpm2-space.o
  CC      net/xdp/xdp_umem.o
  CC      drivers/char/tpm/tpm-sysfs.o
  COPY    drivers/tty/vt/defkeymap.c
  CONMK   drivers/tty/vt/consolemap_deftbl.c
  CC      drivers/tty/vt/defkeymap.o
  CC      drivers/tty/vt/consolemap_deftbl.o
  AR      drivers/tty/vt/built-in.a
  CC      drivers/tty/hvc/hvc_console.o
  CC      net/mptcp/subflow.o
  CC      drivers/char/tpm/eventlog/common.o
  CC      net/xdp/xsk_queue.o
  CC      drivers/char/tpm/eventlog/tpm1.o
  CC      drivers/tty/hvc/hvc_irq.o
  CC      net/xdp/xskmap.o
  CC      drivers/char/tpm/eventlog/tpm2.o
  CC      drivers/tty/hvc/hvc_xen.o
  CC      net/xdp/xsk_buff_pool.o
  CC      drivers/char/tpm/tpm_ppi.o
  AR      drivers/tty/hvc/built-in.a
  CC      drivers/tty/serial/8250/8250_core.o
  CC      drivers/char/tpm/eventlog/acpi.o
  CC      net/mptcp/options.o
  CC      drivers/char/tpm/eventlog/efi.o
  CC      drivers/tty/serial/8250/8250_pnp.o
  AR      net/xdp/built-in.a
  CC      drivers/tty/serial/serial_core.o
  CC      drivers/char/tpm/eventlog/of.o
  CC      drivers/tty/serial/8250/8250_port.o
  CC      drivers/char/tpm/tpm_tis_core.o
  CC      net/mptcp/token.o
  CC      drivers/char/tpm/tpm_tis.o
  CC      drivers/tty/serial/8250/8250_dma.o
  AR      drivers/iommu/amd/built-in.a
  AR      drivers/iommu/intel/built-in.a
  CC      drivers/iommu/arm/arm-smmu/qcom_iommu.o
  CC      drivers/char/tpm/tpm_tis_spi_main.o
  CC      drivers/iommu/arm/arm-smmu/arm-smmu.o
  CC      drivers/tty/serial/8250/8250_dwlib.o
  CC      drivers/char/tpm/tpm_tis_spi_cr50.o
  CC      net/mptcp/crypto.o
  CC      drivers/tty/serial/8250/8250_fintek.o
  CC      drivers/char/tpm/tpm_crb.o
  CC      net/mptcp/ctrl.o
  CC      drivers/tty/serial/8250/8250_pcilib.o
  CC      drivers/iommu/arm/arm-smmu/arm-smmu-impl.o
  AR      drivers/char/tpm/built-in.a
  CC      drivers/char/random.o
  CC      drivers/iommu/arm/arm-smmu/arm-smmu-nvidia.o
  CC      net/mptcp/pm.o
  CC      drivers/tty/serial/8250/8250_early.o
  CC      drivers/iommu/arm/arm-smmu/arm-smmu-qcom.o
  CC      drivers/tty/serial/8250/8250_dw.o
  CC      net/mptcp/diag.o
  CC      drivers/char/ttyprintk.o
  CC      drivers/iommu/arm/arm-smmu/arm-smmu-qcom-debug.o
  CC      drivers/tty/serial/8250/8250_fsl.o
  CC      drivers/char/misc.o
  AR      drivers/iommu/arm/arm-smmu/built-in.a
  CC      drivers/iommu/arm/arm-smmu-v3/arm-smmu-v3.o
  CC      net/mptcp/mib.o
  CC      drivers/tty/serial/8250/8250_mtk.o
  CC      drivers/char/virtio_console.o
  CC      net/mptcp/pm_netlink.o
  CC      drivers/tty/serial/8250/8250_of.o
drivers/iommu/arm/arm-smmu-v3/arm-smmu-v3.c: In function ‘arm_smmu_atc_inv_master.isra’:
drivers/iommu/arm/arm-smmu-v3/arm-smmu-v3.c:1799:1: warning: the frame size of 1072 bytes is larger than 1024 bytes [-Wframe-larger-than=]
 1799 | }
      | ^
drivers/iommu/arm/arm-smmu-v3/arm-smmu-v3.c: In function ‘__arm_smmu_tlb_inv_range’:
drivers/iommu/arm/arm-smmu-v3/arm-smmu-v3.c:1942:1: warning: the frame size of 1056 bytes is larger than 1024 bytes [-Wframe-larger-than=]
 1942 | }
      | ^
drivers/iommu/arm/arm-smmu-v3/arm-smmu-v3.c: In function ‘arm_smmu_sync_cd’:
drivers/iommu/arm/arm-smmu-v3/arm-smmu-v3.c:995:1: warning: the frame size of 1072 bytes is larger than 1024 bytes [-Wframe-larger-than=]
  995 | }
      | ^
  CC      drivers/tty/serial/8250/8250_omap.o
drivers/iommu/arm/arm-smmu-v3/arm-smmu-v3.c: In function ‘arm_smmu_atc_inv_domain’:
drivers/iommu/arm/arm-smmu-v3/arm-smmu-v3.c:1847:1: warning: the frame size of 1072 bytes is larger than 1024 bytes [-Wframe-larger-than=]
 1847 | }
      | ^
  AR      drivers/char/built-in.a
  CC      net/mctp/af_mctp.o
  CC      drivers/iommu/arm/arm-smmu-v3/arm-smmu-v3-sva.o
  AR      drivers/iommu/arm/arm-smmu-v3/built-in.a
  AR      drivers/iommu/arm/built-in.a
  CC      drivers/tty/serial/8250/8250_pci.o
  AR      drivers/iommu/iommufd/built-in.a
  CC      drivers/iommu/iommu.o
  CC      net/mctp/device.o
  CC      net/mptcp/sockopt.o
  CC      drivers/tty/serial/8250/8250_rt288x.o
  CC      net/mctp/route.o
  CC      drivers/iommu/iommu-traces.o
  CC      drivers/tty/serial/8250/8250_tegra.o
  AR      drivers/tty/serial/8250/built-in.a
  CC      drivers/tty/serial/serial_base_bus.o
  CC      net/mctp/neigh.o
  CC      drivers/iommu/iommu-sysfs.o
  CC      net/mptcp/pm_userspace.o
  CC      drivers/tty/serial/serial_ctrl.o
  CC      drivers/tty/serial/serial_port.o
  CC      drivers/iommu/dma-iommu.o
  AR      net/mctp/built-in.a
  CC      drivers/tty/serdev/core.o
  CC      net/mptcp/fastopen.o
  CC      drivers/tty/serial/earlycon.o
  CC      drivers/tty/serdev/serdev-ttyport.o
  CC      drivers/tty/serial/earlycon-semihost.o
  CC      net/mptcp/sched.o
  CC      drivers/iommu/io-pgtable.o
  AR      drivers/tty/serdev/built-in.a
  AR      drivers/tty/ipwireless/built-in.a
  CC      drivers/tty/serial/amba-pl011.o
  CC [M]  net/qrtr/af_qrtr.o
  CC      drivers/iommu/io-pgtable-arm-v7s.o
  CC      net/mptcp/mptcp_pm_gen.o
  CC      drivers/tty/serial/imx.o
  CC      drivers/iommu/io-pgtable-arm.o
  CC      net/mptcp/syncookies.o
  CC [M]  net/qrtr/ns.o
  CC      drivers/iommu/io-pgtable-dart.o
  CC      net/mptcp/bpf.o
  CC      drivers/tty/serial/max310x.o
  CC      drivers/iommu/iova.o
  AR      net/mptcp/built-in.a
  AR      drivers/gpu/host1x/built-in.a
  LD [M]  net/qrtr/qrtr.o
  CC      net/devres.o
  AR      drivers/gpu/drm/tests/built-in.a
  AR      drivers/gpu/drm/arm/built-in.a
  AR      drivers/gpu/drm/display/built-in.a
  AR      drivers/gpu/drm/renesas/rcar-du/built-in.a
  AR      drivers/gpu/drm/renesas/built-in.a
  AR      drivers/gpu/drm/omapdrm/built-in.a
  AR      drivers/gpu/drm/tilcdc/built-in.a
  AR      drivers/gpu/drm/imx/built-in.a
  AR      drivers/gpu/drm/i2c/built-in.a
  AR      drivers/gpu/drm/panel/built-in.a
  AR      drivers/gpu/drm/bridge/analogix/built-in.a
  AR      drivers/gpu/drm/bridge/cadence/built-in.a
  AR      drivers/gpu/drm/bridge/imx/built-in.a
  AR      drivers/gpu/drm/bridge/synopsys/built-in.a
  AR      drivers/gpu/drm/bridge/built-in.a
  AR      drivers/gpu/drm/hisilicon/built-in.a
  AR      drivers/gpu/drm/mxsfb/built-in.a
  CC      drivers/gpu/drm/tiny/simpledrm.o
  CC      drivers/iommu/of_iommu.o
  CC      drivers/tty/serial/meson_uart.o
  CC      net/socket.o
  AR      drivers/gpu/drm/tiny/built-in.a
  AR      drivers/gpu/drm/xlnx/built-in.a
  AR      drivers/gpu/drm/gud/built-in.a
  AR      drivers/gpu/drm/solomon/built-in.a
  CC [M]  drivers/gpu/drm/ttm/ttm_tt.o
  CC      drivers/iommu/rockchip-iommu.o
  CC      drivers/tty/serial/msm_serial.o
  CC [M]  drivers/gpu/drm/ttm/ttm_bo.o
  CC      drivers/iommu/sun50i-iommu.o
  CC      drivers/tty/serial/mvebu-uart.o
  CC      drivers/iommu/tegra-smmu.o
  CC [M]  drivers/gpu/drm/ttm/ttm_bo_util.o
  CC      drivers/tty/serial/owl-uart.o
  CC      drivers/iommu/virtio-iommu.o
  CC      net/compat.o
  CC      drivers/tty/serial/qcom_geni_serial.o
  CC [M]  drivers/gpu/drm/ttm/ttm_bo_vm.o
  CC      drivers/iommu/iommu-sva.o
  CC      net/sysctl_net.o
  CC      drivers/tty/serial/sccnxp.o
  CC [M]  drivers/gpu/drm/ttm/ttm_module.o
  CC      drivers/iommu/io-pgfault.o
  CC [M]  drivers/gpu/drm/ttm/ttm_execbuf_util.o
  CC      drivers/tty/serial/sh-sci.o
  AR      net/built-in.a
  AR      drivers/iommu/built-in.a
  AR      drivers/gpu/vga/built-in.a
  CC      drivers/tty/tty_io.o
  CC      drivers/tty/n_tty.o
  CC [M]  drivers/gpu/drm/ttm/ttm_range_manager.o
  CC [M]  drivers/gpu/drm/ttm/ttm_resource.o
  CC      drivers/tty/serial/tegra-tcu.o
  CC [M]  drivers/gpu/drm/vmwgfx/vmwgfx_execbuf.o
  CC      drivers/tty/serial/xilinx_uartps.o
  CC [M]  drivers/gpu/drm/ttm/ttm_pool.o
  CC      drivers/connector/cn_queue.o
  CC      drivers/connector/connector.o
  CC      drivers/tty/serial/serial_mctrl_gpio.o
  CC [M]  drivers/gpu/drm/ttm/ttm_device.o
  CC [M]  drivers/gpu/drm/vmwgfx/vmwgfx_gmr.o
  CC      drivers/tty/serial/kgdboc.o
  CC [M]  drivers/gpu/drm/vmwgfx/vmwgfx_kms.o
  CC [M]  drivers/gpu/drm/ttm/ttm_sys_manager.o
  CC      drivers/connector/cn_proc.o
  AR      drivers/tty/serial/built-in.a
  CC      drivers/tty/tty_ioctl.o
  LD [M]  drivers/gpu/drm/ttm/ttm.o
  CC      drivers/gpu/drm/drm_aperture.o
  CC      drivers/tty/tty_ldisc.o
  AR      drivers/connector/built-in.a
  CC [M]  drivers/gpu/drm/vmwgfx/vmwgfx_drv.o
  CC      drivers/tty/tty_buffer.o
  CC      drivers/gpu/drm/drm_atomic.o
  CC      drivers/tty/tty_port.o
  CC [M]  drivers/gpu/drm/vmwgfx/vmwgfx_ioctl.o
  CC      drivers/tty/tty_mutex.o
  CC      drivers/base/power/sysfs.o
  CC      drivers/tty/tty_ldsem.o
  CC [M]  drivers/gpu/drm/vmwgfx/vmwgfx_resource.o
  CC      drivers/tty/tty_baudrate.o
  CC      drivers/gpu/drm/drm_atomic_uapi.o
  CC      drivers/base/power/generic_ops.o
  CC      drivers/tty/tty_jobctrl.o
  CC [M]  drivers/gpu/drm/vmwgfx/vmwgfx_ttm_buffer.o
  CC      drivers/base/power/common.o
  CC [M]  drivers/gpu/drm/vmwgfx/vmwgfx_cmd.o
  CC      drivers/tty/n_null.o
  CC      drivers/base/firmware_loader/builtin/main.o
  CC      drivers/base/power/qos.o
  CC      drivers/tty/pty.o
  AR      drivers/base/firmware_loader/builtin/built-in.a
  CC      drivers/base/firmware_loader/fallback_table.o
  CC [M]  drivers/gpu/drm/vmwgfx/vmwgfx_irq.o
  CC      drivers/tty/tty_audit.o
  CC      drivers/base/firmware_loader/main.o
  CC [M]  drivers/gpu/drm/vmwgfx/vmwgfx_ldu.o
  CC      drivers/base/power/runtime.o
  CC      drivers/tty/sysrq.o
  CC [M]  drivers/gpu/drm/vmwgfx/vmwgfx_overlay.o
  CC      drivers/base/power/wakeirq.o
  CC      drivers/base/firmware_loader/fallback.o
  CC [M]  drivers/gpu/drm/vmwgfx/vmwgfx_gmrid_manager.o
  AR      drivers/tty/built-in.a
  CC      drivers/base/regmap/regmap.o
  CC      drivers/base/firmware_loader/sysfs.o
  CC      drivers/base/power/main.o
  CC [M]  drivers/gpu/drm/vmwgfx/vmwgfx_fence.o
  CC      drivers/base/firmware_loader/sysfs_upload.o
  AR      drivers/base/firmware_loader/built-in.a
  AR      drivers/base/test/built-in.a
  CC      drivers/gpu/drm/drm_auth.o
  CC [M]  drivers/gpu/drm/vmwgfx/vmwgfx_bo.o
  CC      drivers/base/power/wakeup.o
  CC [M]  drivers/gpu/drm/vmwgfx/vmwgfx_scrn.o
  CC      drivers/gpu/drm/drm_blend.o
  CC      drivers/base/regmap/regcache.o
  CC [M]  drivers/gpu/drm/vmwgfx/vmwgfx_context.o
  CC      drivers/gpu/drm/drm_bridge.o
  CC      drivers/base/power/wakeup_stats.o
  CC      drivers/base/regmap/regcache-rbtree.o
  CC [M]  drivers/gpu/drm/vmwgfx/vmwgfx_surface.o
  CC      drivers/base/power/clock_ops.o
  CC      drivers/base/regmap/regcache-flat.o
  CC      drivers/gpu/drm/drm_cache.o
  CC      drivers/base/regmap/regcache-maple.o
  AR      drivers/base/power/built-in.a
  CC      drivers/block/loop.o
  CC [M]  drivers/gpu/drm/vmwgfx/vmwgfx_prime.o
  AR      drivers/misc/eeprom/built-in.a
  AR      drivers/misc/cb710/built-in.a
  AR      drivers/misc/ti-st/built-in.a
  AR      drivers/misc/lis3lv02d/built-in.a
  AR      drivers/misc/cardreader/built-in.a
  AR      drivers/misc/pvpanic/built-in.a
  CC [M]  drivers/misc/vmw_vmci/vmci_context.o
  CC      drivers/base/regmap/regmap-debugfs.o
  CC [M]  drivers/gpu/drm/vmwgfx/vmwgfx_mob.o
  CC      drivers/base/regmap/regmap-i2c.o
  CC      drivers/block/virtio_blk.o
  CC [M]  drivers/gpu/drm/vmwgfx/vmwgfx_shader.o
  CC [M]  drivers/misc/vmw_vmci/vmci_datagram.o
  CC      drivers/base/regmap/regmap-spi.o
  CC [M]  drivers/misc/vmw_vmci/vmci_doorbell.o
  CC [M]  drivers/gpu/drm/vmwgfx/vmwgfx_cmdbuf_res.o
  CC      drivers/block/xen-blkfront.o
  CC [M]  drivers/gpu/drm/vmwgfx/vmwgfx_cmdbuf.o
  CC [M]  drivers/misc/vmw_vmci/vmci_driver.o
  CC      drivers/base/regmap/regmap-mmio.o
  CC [M]  drivers/misc/vmw_vmci/vmci_event.o
  CC [M]  drivers/gpu/drm/vmwgfx/vmwgfx_stdu.o
  CC      drivers/base/regmap/regmap-irq.o
  CC [M]  drivers/misc/vmw_vmci/vmci_guest.o
  AR      drivers/block/built-in.a
  CC      drivers/misc/sram.o
  CC [M]  drivers/gpu/drm/vmwgfx/vmwgfx_cotable.o
  CC      drivers/base/component.o
  AR      drivers/base/regmap/built-in.a
  CC      drivers/gpu/drm/drm_client.o
  CC [M]  drivers/misc/vmw_vmci/vmci_handle_array.o
  CC [M]  drivers/misc/vmw_vmci/vmci_host.o
  CC [M]  drivers/gpu/drm/vmwgfx/vmwgfx_so.o
  CC      drivers/base/core.o
  CC      drivers/gpu/drm/drm_client_modeset.o
  CC [M]  drivers/gpu/drm/vmwgfx/vmwgfx_binding.o
  CC [M]  drivers/misc/vmw_vmci/vmci_queue_pair.o
  CC [M]  drivers/gpu/drm/vmwgfx/vmwgfx_msg.o
  CC      drivers/mfd/88pm860x-core.o
  CC [M]  drivers/gpu/drm/vmwgfx/vmwgfx_simple_resource.o
  CC [M]  drivers/misc/vmw_vmci/vmci_resource.o
  CC [M]  drivers/misc/vmw_vmci/vmci_route.o
  LD [M]  drivers/misc/vmw_vmci/vmw_vmci.o
  AR      drivers/misc/built-in.a
  CC      drivers/mfd/88pm860x-i2c.o
  CC      drivers/base/bus.o
  CC [M]  drivers/gpu/drm/vmwgfx/vmwgfx_va.o
  CC      drivers/mfd/stmpe.o
  CC [M]  drivers/gpu/drm/vmwgfx/vmwgfx_blit.o
  CC      drivers/base/dd.o
  CC      drivers/mfd/stmpe-i2c.o
  CC      drivers/base/syscore.o
  CC [M]  drivers/gpu/drm/vmwgfx/vmwgfx_validation.o
  CC      drivers/mfd/stmpe-spi.o
  CC      drivers/mfd/sun6i-prcm.o
  CC      drivers/mfd/tc3589x.o
  CC [M]  drivers/gpu/drm/vmwgfx/vmwgfx_page_dirty.o
  AR      drivers/nfc/built-in.a
  CC      drivers/gpu/drm/drm_color_mgmt.o
  CC      drivers/base/driver.o
  CC [M]  drivers/gpu/drm/vmwgfx/vmwgfx_streamoutput.o
  CC      drivers/base/class.o
  CC      drivers/mfd/lochnagar-i2c.o
  CC [M]  drivers/gpu/drm/vmwgfx/vmwgfx_devcaps.o
  CC      drivers/nvdimm/core.o
  CC [M]  drivers/gpu/drm/vmwgfx/ttm_object.o
  CC      drivers/base/platform.o
  CC      drivers/mfd/wm8400-core.o
  CC      drivers/nvdimm/bus.o
  CC [M]  drivers/gpu/drm/vmwgfx/vmwgfx_system_manager.o
  CC [M]  drivers/gpu/drm/vmwgfx/vmwgfx_gem.o
  CC      drivers/base/cpu.o
  CC      drivers/mfd/wm831x-core.o
  LD [M]  drivers/gpu/drm/vmwgfx/vmwgfx.o
  CC      drivers/gpu/drm/drm_connector.o
  CC      drivers/mfd/wm831x-irq.o
  CC      drivers/nvdimm/dimm_devs.o
  CC      drivers/base/firmware.o
  CC      drivers/mfd/wm831x-otp.o
  CC      drivers/base/init.o
  CC      drivers/base/map.o
  CC      drivers/mfd/wm831x-auxadc.o
  CC      drivers/nvdimm/nd_perf.o
  CC      drivers/gpu/drm/drm_crtc.o
  CC      drivers/base/devres.o
  CC      drivers/mfd/wm831x-i2c.o
  CC      drivers/nvdimm/dimm.o
  CC      drivers/base/attribute_container.o
  CC      drivers/gpu/drm/drm_displayid.o
  CC      drivers/mfd/wm831x-spi.o
  CC      drivers/nvdimm/region_devs.o
  CC      drivers/gpu/drm/drm_drv.o
  CC      drivers/mfd/wm8350-core.o
  CC      drivers/base/transport_class.o
  CC      drivers/base/topology.o
  CC      drivers/gpu/drm/drm_dumb_buffers.o
  CC      drivers/mfd/wm8350-regmap.o
  CC      drivers/nvdimm/region.o
  CC      drivers/base/container.o
  CC      drivers/gpu/drm/drm_edid.o
  CC      drivers/mfd/wm8350-gpio.o
  CC      drivers/base/property.o
  CC      drivers/nvdimm/namespace_devs.o
  CC      drivers/mfd/wm8350-irq.o
  CC      drivers/base/cacheinfo.o
  CC      drivers/mfd/wm8350-i2c.o
  CC      drivers/nvdimm/label.o
  CC      drivers/mfd/tps65910.o
  CC      drivers/base/swnode.o
  CC      drivers/gpu/drm/drm_eld.o
  CC      drivers/mfd/tps65912-core.o
  CC      drivers/nvdimm/badrange.o
  CC      drivers/gpu/drm/drm_encoder.o
  CC      drivers/base/auxiliary.o
  CC      drivers/mfd/tps65912-i2c.o
  CC      drivers/mfd/tps65912-spi.o
  CC      drivers/base/devtmpfs.o
  CC      drivers/nvdimm/claim.o
  CC      drivers/gpu/drm/drm_file.o
  CC      drivers/mfd/twl-core.o
  CC      drivers/base/node.o
  CC      drivers/nvdimm/btt_devs.o
  CC      drivers/gpu/drm/drm_fourcc.o
  CC      drivers/base/memory.o
  CC      drivers/mfd/twl4030-irq.o
  CC      drivers/gpu/drm/drm_framebuffer.o
  CC      drivers/mfd/twl6030-irq.o
  CC      drivers/nvdimm/pfn_devs.o
  CC      drivers/base/module.o
  CC      drivers/base/hypervisor.o
  CC      drivers/gpu/drm/drm_gem.o
  CC      drivers/mfd/twl4030-audio.o
  CC      drivers/base/soc.o
  CC      drivers/nvdimm/dax_devs.o
  CC      drivers/mfd/twl6040.o
  CC      drivers/base/pinctrl.o
  CC      drivers/base/devcoredump.o
  CC      drivers/nvdimm/security.o
  CC      drivers/gpu/drm/drm_ioctl.o
  CC      drivers/mfd/mfd-core.o
  CC      drivers/base/platform-msi.o
  AR      drivers/nvdimm/built-in.a
  AR      drivers/dax/hmem/built-in.a
  CC      drivers/dax/super.o
  CC      drivers/gpu/drm/drm_lease.o
  CC      drivers/base/arch_topology.o
  CC      drivers/mfd/ezx-pcap.o
  CC      drivers/dax/bus.o
  CC      drivers/gpu/drm/drm_managed.o
  CC      drivers/mfd/da903x.o
  CC      drivers/gpu/drm/drm_mm.o
  CC      drivers/base/arch_numa.o
  AR      drivers/dax/built-in.a
  CC      drivers/dma-buf/heaps/system_heap.o
  CC      drivers/dma-buf/heaps/cma_heap.o
  CC      drivers/mfd/da9052-irq.o
  CC      drivers/gpu/drm/drm_mode_config.o
  CC      drivers/base/physical_location.o
  AR      drivers/dma-buf/heaps/built-in.a
  CC      drivers/dma-buf/dma-buf.o
  CC      drivers/base/trace.o
  CC      drivers/mfd/da9052-core.o
  AR      drivers/base/built-in.a
  CC      drivers/gpu/drm/drm_mode_object.o
  AR      drivers/cxl/core/built-in.a
  AR      drivers/cxl/built-in.a
  AR      drivers/macintosh/built-in.a
  CC      drivers/dma-buf/dma-fence.o
  CC      drivers/mfd/da9052-spi.o
  CC      drivers/dma-buf/dma-fence-array.o
  CC      drivers/mfd/da9052-i2c.o
  CC      drivers/gpu/drm/drm_modes.o
  CC      drivers/dma-buf/dma-fence-chain.o
  AR      drivers/scsi/device_handler/built-in.a
  CC      drivers/scsi/sym53c8xx_2/sym_fw.o
  CC      drivers/mfd/lp8788.o
  CC      drivers/dma-buf/dma-fence-unwrap.o
  CC      drivers/scsi/sym53c8xx_2/sym_glue.o
  CC      drivers/dma-buf/dma-resv.o
  CC      drivers/mfd/lp8788-irq.o
  CC      drivers/gpu/drm/drm_modeset_lock.o
  CC      drivers/mfd/da9055-core.o
  CC      drivers/scsi/sym53c8xx_2/sym_hipd.o
  CC      drivers/dma-buf/dma-heap.o
  CC      drivers/mfd/da9055-i2c.o
  CC      drivers/gpu/drm/drm_plane.o
  CC      drivers/dma-buf/sync_file.o
  CC      drivers/mfd/da9063-core.o
  CC      drivers/mfd/da9063-irq.o
  CC      drivers/dma-buf/sw_sync.o
  CC      drivers/mfd/da9063-i2c.o
  CC      drivers/gpu/drm/drm_prime.o
  CC      drivers/scsi/sym53c8xx_2/sym_malloc.o
  CC      drivers/mfd/max14577.o
  CC      drivers/dma-buf/sync_debug.o
  CC      drivers/scsi/sym53c8xx_2/sym_nvram.o
  CC      drivers/gpu/drm/drm_print.o
  CC      drivers/dma-buf/udmabuf.o
  CC      drivers/mfd/max77620.o
  AR      drivers/scsi/sym53c8xx_2/built-in.a
  CC      drivers/gpu/drm/drm_property.o
  AR      drivers/scsi/megaraid/built-in.a
  CC      drivers/scsi/scsi.o
  AR      drivers/dma-buf/built-in.a
  CC      drivers/scsi/hosts.o
  CC      drivers/mfd/max77686.o
  CC      drivers/gpu/drm/drm_syncobj.o
  CC      drivers/scsi/scsi_ioctl.o
  CC      drivers/mfd/max77693.o
  AR      drivers/nvme/common/built-in.a
  CC [M]  drivers/nvme/common/auth.o
  CC      drivers/mfd/max77843.o
  LD [M]  drivers/nvme/common/nvme-auth.o
  AR      drivers/nvme/host/built-in.a
  CC [M]  drivers/nvme/host/core.o
  CC      drivers/scsi/scsicam.o
  CC      drivers/mfd/max8925-core.o
  CC      drivers/gpu/drm/drm_sysfs.o
  CC      drivers/mfd/max8925-i2c.o
  CC      drivers/scsi/scsi_error.o
  CC      drivers/gpu/drm/drm_trace_points.o
  CC      drivers/mfd/max8997.o
  CC      drivers/gpu/drm/drm_vblank.o
  CC      drivers/scsi/scsi_lib.o
  CC      drivers/mfd/max8997-irq.o
  CC      drivers/gpu/drm/drm_vblank_work.o
  CC [M]  drivers/nvme/host/ioctl.o
  CC      drivers/mfd/max8998.o
  CC      drivers/gpu/drm/drm_vma_manager.o
  CC [M]  drivers/nvme/host/sysfs.o
  CC      drivers/scsi/constants.o
  CC      drivers/mfd/max8998-irq.o
  CC      drivers/gpu/drm/drm_writeback.o
  CC      drivers/mfd/rz-mtu3.o
  CC [M]  drivers/nvme/host/pr.o
  CC      drivers/scsi/scsi_lib_dma.o
  CC      drivers/mfd/adp5520.o
  CC      drivers/gpu/drm/drm_ioc32.o
  CC [M]  drivers/nvme/host/trace.o
  CC      drivers/scsi/scsi_scan.o
  CC      drivers/gpu/drm/drm_panel.o
  CC      drivers/mfd/tps6586x.o
  CC [M]  drivers/nvme/host/multipath.o
  GEN     drivers/scsi/scsi_devinfo_tbl.c
  CC      drivers/scsi/scsi_devinfo.o
  CC      drivers/gpu/drm/drm_of.o
  CC      drivers/mfd/tps65090.o
  CC      drivers/mfd/aat2870-core.o
  CC [M]  drivers/nvme/host/zns.o
  CC      drivers/gpu/drm/drm_pci.o
  CC      drivers/scsi/scsi_sysctl.o
  CC      drivers/gpu/drm/drm_debugfs.o
  CC      drivers/mfd/palmas.o
  CC      drivers/scsi/scsi_proc.o
  CC [M]  drivers/nvme/host/hwmon.o
  CC [M]  drivers/nvme/host/auth.o
  CC      drivers/gpu/drm/drm_debugfs_crc.o
  CC      drivers/scsi/scsi_debugfs.o
  CC      drivers/mfd/rc5t583.o
  CC      drivers/scsi/scsi_trace.o
  CC      drivers/gpu/drm/drm_edid_load.o
  CC [M]  drivers/nvme/host/pci.o
  CC      drivers/mfd/rc5t583-irq.o
  CC      drivers/scsi/scsi_logging.o
  CC      drivers/gpu/drm/../../accel/drm_accel.o
  CC      drivers/mfd/syscon.o
  CC      drivers/gpu/drm/drm_panel_orientation_quirks.o
  CC      drivers/scsi/scsi_pm.o
  CC      drivers/mfd/vexpress-sysreg.o
  CC      drivers/mfd/as3711.o
  CC      drivers/gpu/drm/drm_gem_shmem_helper.o
  LD [M]  drivers/nvme/host/nvme-core.o
  LD [M]  drivers/nvme/host/nvme.o
  AR      drivers/nvme/target/built-in.a
  AR      drivers/nvme/built-in.a
  CC      drivers/mfd/as3722.o
  CC      drivers/scsi/scsi_dh.o
  CC      drivers/mfd/altera-a10sr.o
  CC      drivers/ata/libata-core.o
  CC      drivers/mfd/altera-sysmgr.o
  CC      drivers/gpu/drm/drm_atomic_helper.o
  CC      drivers/scsi/scsi_bsg.o
  AR      drivers/mfd/built-in.a
  CC      drivers/spi/spi.o
  CC      drivers/scsi/scsi_common.o
  CC      drivers/scsi/scsi_transport_spi.o
  CC      drivers/gpu/drm/drm_atomic_state_helper.o
  CC      drivers/scsi/virtio_scsi.o
  CC      drivers/gpu/drm/drm_bridge_connector.o
  CC      drivers/ata/libata-scsi.o
  CC      drivers/scsi/sd.o
  CC      drivers/spi/spi-mem.o
  CC      drivers/gpu/drm/drm_crtc_helper.o
  CC      drivers/spi/spi-fsl-lib.o
  CC      drivers/gpu/drm/drm_damage_helper.o
  CC      drivers/scsi/sd_dif.o
  CC      drivers/ata/libata-eh.o
  CC      drivers/scsi/sd_zbc.o
  CC      drivers/spi/spi-fsl-spi.o
  CC      drivers/gpu/drm/drm_encoder_slave.o
  CC      drivers/spi/spi-omap2-mcspi.o
  CC      drivers/scsi/sr.o
  CC      drivers/gpu/drm/drm_flip_work.o
  CC      drivers/spi/spi-tegra210-quad.o
  CC      drivers/scsi/sr_ioctl.o
  CC      drivers/gpu/drm/drm_format_helper.o
  CC      drivers/scsi/sr_vendor.o
  CC      drivers/ata/libata-transport.o
  AR      drivers/spi/built-in.a
  CC      drivers/gpu/drm/drm_gem_atomic_helper.o
  CC      drivers/scsi/sg.o
  CC      drivers/ata/libata-trace.o
  CC      drivers/net/phy/mdio-boardinfo.o
  CC      drivers/ata/libata-sata.o
  CC      drivers/gpu/drm/drm_gem_framebuffer_helper.o
  CC      drivers/scsi/scsi_sysfs.o
  CC      drivers/net/phy/stubs.o
  CC      drivers/gpu/drm/drm_kms_helper_common.o
  CC      drivers/gpu/drm/drm_modeset_helper.o
  CC      drivers/ata/libata-sff.o
  CC      drivers/net/phy/mdio_devres.o
  CC      drivers/gpu/drm/drm_plane_helper.o
  AR      drivers/scsi/built-in.a
  CC      drivers/net/pse-pd/pse_core.o
  CC      drivers/net/phy/phylink.o
  CC      drivers/gpu/drm/drm_probe_helper.o
  AR      drivers/net/pse-pd/built-in.a
  CC      drivers/net/mdio/acpi_mdio.o
  CC      drivers/ata/libata-pmp.o
  CC      drivers/gpu/drm/drm_rect.o
  CC      drivers/net/mdio/fwnode_mdio.o
  CC      drivers/ata/libata-acpi.o
  CC      drivers/net/phy/phy.o
  CC      drivers/gpu/drm/drm_self_refresh_helper.o
  CC      drivers/net/mdio/of_mdio.o
  CC      drivers/gpu/drm/drm_simple_kms_helper.o
  CC      drivers/ata/libata-zpodd.o
  CC      drivers/net/mdio/mdio-bitbang.o
  CC      drivers/net/phy/phy-c45.o
  CC      drivers/gpu/drm/bridge/panel.o
  CC      drivers/ata/libata-pata-timings.o
  AR      drivers/net/mdio/built-in.a
  CC      drivers/net/pcs/pcs-lynx.o
  CC      drivers/gpu/drm/drm_fbdev_generic.o
  CC      drivers/ata/ahci_imx.o
  CC      drivers/net/phy/phy-core.o
  AR      drivers/net/pcs/built-in.a
  AR      drivers/net/ethernet/3com/built-in.a
  AR      drivers/net/ethernet/8390/built-in.a
  AR      drivers/net/ethernet/actions/built-in.a
  AR      drivers/net/ethernet/adaptec/built-in.a
  AR      drivers/net/ethernet/adi/built-in.a
  AR      drivers/net/ethernet/agere/built-in.a
  AR      drivers/net/ethernet/alacritech/built-in.a
  AR      drivers/net/ethernet/allwinner/built-in.a
  AR      drivers/net/ethernet/alteon/built-in.a
  AR      drivers/net/ethernet/amazon/built-in.a
  AR      drivers/net/ethernet/amd/built-in.a
  CC      drivers/gpu/drm/drm_fb_helper.o
  AR      drivers/net/ethernet/aquantia/built-in.a
  AR      drivers/net/ethernet/arc/built-in.a
  AR      drivers/net/ethernet/asix/built-in.a
  AR      drivers/net/ethernet/atheros/built-in.a
  AR      drivers/net/ethernet/cadence/built-in.a
  AR      drivers/net/ethernet/broadcom/built-in.a
  CC      drivers/ata/libahci.o
  AR      drivers/net/ethernet/brocade/built-in.a
  AR      drivers/net/ethernet/cavium/common/built-in.a
  AR      drivers/net/ethernet/cavium/thunder/built-in.a
  AR      drivers/net/ethernet/cavium/liquidio/built-in.a
  AR      drivers/net/ethernet/cavium/octeon/built-in.a
  AR      drivers/net/ethernet/cavium/built-in.a
  AR      drivers/net/ethernet/chelsio/built-in.a
  AR      drivers/net/ethernet/cisco/built-in.a
  AR      drivers/net/ethernet/cortina/built-in.a
  AR      drivers/net/ethernet/dec/tulip/built-in.a
  AR      drivers/net/ethernet/dec/built-in.a
  AR      drivers/net/ethernet/dlink/built-in.a
  AR      drivers/net/ethernet/emulex/built-in.a
  AR      drivers/net/ethernet/engleder/built-in.a
  CC      drivers/net/phy/phy_device.o
  AR      drivers/net/ethernet/ezchip/built-in.a
  CC      drivers/net/ethernet/freescale/fman/fman_muram.o
  CC      drivers/net/ethernet/freescale/fman/fman.o
  CC [M]  drivers/gpu/drm/drm_gem_ttm_helper.o
  CC      drivers/net/ethernet/freescale/fman/fman_sp.o
  CC      drivers/ata/libahci_platform.o
  CC      drivers/net/phy/linkmode.o
  CC      drivers/net/ethernet/freescale/fman/fman_keygen.o
  AR      drivers/gpu/drm/built-in.a
  LD [M]  drivers/gpu/drm/drm_ttm_helper.o
  AR      drivers/gpu/built-in.a
  AR      drivers/message/fusion/built-in.a
  AR      drivers/message/built-in.a
  AR      drivers/firewire/built-in.a
  AR      drivers/net/fddi/built-in.a
  AR      drivers/net/ethernet/fungible/built-in.a
  CC [M]  drivers/ata/ahci.o
  CC      drivers/net/ethernet/freescale/fman/fman_port.o
  CC      drivers/net/phy/mdio_bus.o
  AR      drivers/net/ethernet/freescale/enetc/built-in.a
  CC      drivers/cdrom/cdrom.o
  AR      drivers/ata/built-in.a
  AR      drivers/net/hamradio/built-in.a
  AR      drivers/net/ethernet/google/built-in.a
  AR      drivers/net/ethernet/hisilicon/built-in.a
  CC      drivers/net/phy/mdio_device.o
  CC      drivers/net/ethernet/freescale/fman/mac.o
  CC      drivers/net/phy/swphy.o
  CC      drivers/net/ethernet/freescale/fec_main.o
  CC      drivers/net/ethernet/freescale/fman/fman_dtsec.o
  CC      drivers/net/phy/phy_led_triggers.o
  CC      drivers/net/ethernet/freescale/fman/fman_memac.o
  AR      drivers/cdrom/built-in.a
  AR      drivers/auxdisplay/built-in.a
  CC      drivers/net/ppp/ppp_generic.o
  CC      drivers/net/phy/mii_timestamper.o
  CC      drivers/net/ethernet/freescale/fman/fman_tgec.o
  CC      drivers/net/phy/bcm84881.o
  AR      drivers/net/ethernet/freescale/fman/built-in.a
  CC      drivers/net/ethernet/freescale/fec_ptp.o
  AR      drivers/net/ethernet/huawei/built-in.a
  CC      drivers/usb/common/common.o
  CC      drivers/net/phy/fixed_phy.o
  CC      drivers/net/ethernet/freescale/xgmac_mdio.o
  AR      drivers/net/ppp/built-in.a
  CC      drivers/usb/common/debug.o
  CC      drivers/usb/common/led.o
  CC [M]  drivers/net/ethernet/intel/e1000e/82571.o
  AR      drivers/net/ethernet/freescale/built-in.a
  AR      drivers/net/ethernet/i825xx/built-in.a
  CC      drivers/net/slip/slhc.o
  AR      drivers/net/phy/built-in.a
  CC      drivers/input/serio/serio.o
  AR      drivers/usb/common/built-in.a
  CC      drivers/usb/core/usb.o
  CC [M]  drivers/net/ethernet/intel/e1000e/ich8lan.o
  CC      drivers/input/serio/libps2.o
  CC      drivers/usb/core/hub.o
  AR      drivers/net/slip/built-in.a
  AR      drivers/net/ethernet/intel/built-in.a
  AR      drivers/net/ethernet/microsoft/built-in.a
  CC      drivers/usb/phy/phy.o
  AR      drivers/input/serio/built-in.a
  AR      drivers/net/wan/framer/built-in.a
  AR      drivers/net/wan/built-in.a
  CC      drivers/usb/core/hcd.o
  CC      drivers/usb/phy/of.o
  CC [M]  drivers/net/ethernet/intel/e1000e/80003es2lan.o
  CC      drivers/usb/phy/phy-mxs-usb.o
  CC      drivers/usb/phy/phy-ulpi.o
  AR      drivers/net/wireless/admtek/built-in.a
  AR      drivers/net/wireless/ath/built-in.a
  AR      drivers/net/wireless/atmel/built-in.a
  CC [M]  drivers/net/ethernet/intel/e1000e/mac.o
  AR      drivers/net/wireless/broadcom/built-in.a
  AR      drivers/net/wireless/intel/built-in.a
  AR      drivers/net/wireless/intersil/built-in.a
  CC      drivers/usb/core/urb.o
  AR      drivers/net/wireless/marvell/built-in.a
  AR      drivers/net/wireless/mediatek/built-in.a
  AR      drivers/net/wireless/microchip/built-in.a
  AR      drivers/net/wireless/purelifi/built-in.a
  AR      drivers/net/wireless/quantenna/built-in.a
  AR      drivers/net/wireless/ralink/built-in.a
  CC      drivers/usb/phy/phy-ulpi-viewport.o
  AR      drivers/net/wireless/realtek/built-in.a
  AR      drivers/net/wireless/rsi/built-in.a
  AR      drivers/net/wireless/silabs/built-in.a
  AR      drivers/net/wireless/st/built-in.a
  AR      drivers/net/wireless/ti/built-in.a
  AR      drivers/net/wireless/zydas/built-in.a
  AR      drivers/net/wireless/virtual/built-in.a
  AR      drivers/net/wireless/built-in.a
  CC      drivers/usb/dwc2/core.o
  CC      drivers/usb/core/message.o
  AR      drivers/usb/phy/built-in.a
  CC      drivers/usb/host/pci-quirks.o
  CC [M]  drivers/net/ethernet/intel/e1000e/manage.o
  CC      drivers/usb/dwc2/core_intr.o
  CC [M]  drivers/net/ethernet/intel/e1000e/nvm.o
  CC      drivers/usb/host/ehci-hcd.o
  CC      drivers/usb/dwc2/platform.o
  CC      drivers/usb/core/driver.o
  CC [M]  drivers/net/ethernet/intel/e1000e/phy.o
  CC      drivers/usb/dwc2/drd.o
  CC      drivers/usb/core/config.o
  CC      drivers/usb/dwc2/params.o
  CC [M]  drivers/net/ethernet/intel/e1000e/param.o
  CC      drivers/usb/core/file.o
  CC [M]  drivers/net/ethernet/intel/e1000e/ethtool.o
  CC      drivers/usb/dwc2/hcd.o
  CC      drivers/usb/core/buffer.o
  CC      drivers/usb/host/ehci-pci.o
  CC      drivers/usb/core/sysfs.o
  CC      drivers/usb/host/ehci-orion.o
  CC [M]  drivers/net/ethernet/intel/e1000e/netdev.o
  CC      drivers/usb/host/ohci-hcd.o
  CC      drivers/usb/core/endpoint.o
  CC      drivers/usb/core/devio.o
  CC      drivers/usb/dwc2/hcd_intr.o
  CC      drivers/usb/host/ohci-pci.o
  CC      drivers/usb/dwc2/hcd_queue.o
  CC      drivers/usb/core/notify.o
  CC      drivers/usb/host/uhci-hcd.o
  CC [M]  drivers/net/ethernet/intel/e1000e/ptp.o
  CC      drivers/usb/core/generic.o
  CC      drivers/usb/dwc2/hcd_ddma.o
  LD [M]  drivers/net/ethernet/intel/e1000e/e1000e.o
  AR      drivers/net/ethernet/litex/built-in.a
  AR      drivers/net/ethernet/marvell/octeon_ep/built-in.a
  AR      drivers/net/ethernet/marvell/octeontx2/built-in.a
  AR      drivers/net/ethernet/marvell/prestera/built-in.a
  AR      drivers/net/ethernet/marvell/built-in.a
  AR      drivers/net/ethernet/mellanox/built-in.a
  AR      drivers/net/ethernet/micrel/built-in.a
  CC      drivers/net/ethernet/microchip/vcap/vcap_api_debugfs.o
  CC      drivers/usb/core/quirks.o
  CC      drivers/usb/dwc2/debugfs.o
  CC      drivers/usb/host/xhci.o
  CC      drivers/usb/core/devices.o
  AR      drivers/usb/dwc2/built-in.a
  CC      drivers/net/ethernet/microchip/vcap/vcap_api.o
  AR      drivers/net/mctp/built-in.a
  CC      drivers/usb/host/xhci-mem.o
  CC      drivers/usb/core/phy.o
  CC      drivers/usb/core/port.o
  AR      drivers/net/ethernet/mscc/built-in.a
  CC      drivers/usb/core/of.o
  AR      drivers/usb/storage/built-in.a
  CC      drivers/input/keyboard/atkbd.o
  CC      drivers/net/ethernet/microchip/vcap/vcap_tc.o
  CC      drivers/usb/host/xhci-ext-caps.o
  CC      drivers/usb/core/hcd-pci.o
  AR      drivers/input/keyboard/built-in.a
  AR      drivers/input/mouse/built-in.a
  AR      drivers/input/joystick/built-in.a
  AR      drivers/input/tablet/built-in.a
  AR      drivers/input/touchscreen/built-in.a
  CC      drivers/input/misc/uinput.o
  CC      drivers/usb/host/xhci-ring.o
  CC      drivers/usb/core/usb-acpi.o
  AR      drivers/input/misc/built-in.a
  CC      drivers/input/input.o
  AR      drivers/net/ethernet/microchip/vcap/built-in.a
  AR      drivers/net/ethernet/microchip/built-in.a
  AR      drivers/net/ethernet/myricom/built-in.a
  AR      drivers/net/ethernet/natsemi/built-in.a
  AR      drivers/net/ethernet/neterion/built-in.a
  AR      drivers/net/ethernet/netronome/built-in.a
  AR      drivers/net/ethernet/ni/built-in.a
  AR      drivers/net/ethernet/nvidia/built-in.a
  AR      drivers/net/ethernet/oki-semi/built-in.a
  AR      drivers/net/ethernet/packetengines/built-in.a
  AR      drivers/net/ethernet/qlogic/built-in.a
  AR      drivers/net/ethernet/qualcomm/emac/built-in.a
  AR      drivers/net/ethernet/qualcomm/built-in.a
  AR      drivers/net/ethernet/realtek/built-in.a
  AR      drivers/net/ethernet/renesas/built-in.a
  AR      drivers/net/ethernet/rdc/built-in.a
  AR      drivers/net/ethernet/rocker/built-in.a
  AR      drivers/net/ethernet/samsung/built-in.a
  AR      drivers/net/ethernet/seeq/built-in.a
  AR      drivers/net/ethernet/silan/built-in.a
  AR      drivers/net/ethernet/sis/built-in.a
  AR      drivers/net/ethernet/sfc/built-in.a
  CC      drivers/net/ethernet/smsc/smc91x.o
  AR      drivers/usb/core/built-in.a
  AR      drivers/net/ethernet/socionext/built-in.a
  AR      drivers/net/ethernet/stmicro/built-in.a
  CC      drivers/net/mii.o
  CC      drivers/input/input-compat.o
  CC      drivers/usb/host/xhci-hub.o
  CC      drivers/rtc/lib.o
  CC      drivers/input/input-mt.o
  AR      drivers/net/ethernet/smsc/built-in.a
  AR      drivers/net/ethernet/sun/built-in.a
  AR      drivers/net/ethernet/tehuti/built-in.a
  CC      drivers/net/ethernet/ti/davinci_mdio.o
  CC      drivers/rtc/class.o
  CC      drivers/input/input-poller.o
  AR      drivers/net/ethernet/ti/built-in.a
  AR      drivers/net/ethernet/vertexcom/built-in.a
  AR      drivers/net/ethernet/via/built-in.a
  AR      drivers/net/ethernet/wangxun/built-in.a
  AR      drivers/net/ethernet/wiznet/built-in.a
  AR      drivers/net/ethernet/xilinx/built-in.a
  AR      drivers/net/ethernet/synopsys/built-in.a
  AR      drivers/net/ethernet/pensando/built-in.a
  AR      drivers/net/ethernet/built-in.a
  CC      drivers/input/ff-core.o
  CC      drivers/net/loopback.o
  CC      drivers/rtc/interface.o
  CC      drivers/usb/host/xhci-dbg.o
  CC      drivers/input/touchscreen.o
  CC      drivers/usb/host/xhci-trace.o
  CC      drivers/input/vivaldi-fmap.o
  CC      drivers/net/netkit.o
  CC      drivers/rtc/nvmem.o
  CC      drivers/input/mousedev.o
  CC      drivers/rtc/dev.o
  CC      drivers/net/tun.o
  CC      drivers/input/evdev.o
  CC      drivers/usb/host/xhci-dbgcap.o
  CC      drivers/rtc/proc.o
  CC      drivers/rtc/sysfs.o
  CC [M]  drivers/input/input-leds.o
  CC      drivers/usb/host/xhci-dbgtty.o
  CC      drivers/rtc/rtc-efi.o
  CC [M]  drivers/input/joydev.o
  CC      drivers/rtc/rtc-mv.o
  CC      drivers/usb/host/xhci-debugfs.o
  CC      drivers/rtc/rtc-rtd119x.o
  AR      drivers/input/built-in.a
  AR      drivers/i2c/algos/built-in.a
  CC      drivers/i2c/busses/i2c-designware-common.o
  CC [M]  drivers/usb/host/xhci-pci.o
  CC      drivers/rtc/rtc-sun6i.o
  CC      drivers/net/virtio_net.o
  CC      drivers/rtc/rtc-xgene.o
  CC      drivers/i2c/busses/i2c-designware-master.o
  CC [M]  drivers/usb/host/xhci-pci-renesas.o
  AR      drivers/rtc/built-in.a
  AR      drivers/usb/misc/built-in.a
  CC      drivers/i2c/busses/i2c-designware-platdrv.o
  AR      drivers/i2c/muxes/built-in.a
  CC      drivers/i2c/busses/i2c-omap.o
  AR      drivers/usb/host/built-in.a
  CC      drivers/usb/roles/class.o
  CC      drivers/net/xen-netfront.o
  AR      drivers/usb/roles/built-in.a
  AR      drivers/usb/built-in.a
  CC      drivers/i2c/busses/i2c-sprd.o
  CC      drivers/i2c/i2c-boardinfo.o
  CC      drivers/net/net_failover.o
  AR      drivers/i2c/busses/built-in.a
  CC      drivers/i2c/i2c-core-base.o
  AR      drivers/i3c/built-in.a
  CC      drivers/i2c/i2c-core-smbus.o
  CC      drivers/i2c/i2c-core-acpi.o
  AR      drivers/net/built-in.a
  AR      drivers/media/i2c/built-in.a
  AR      drivers/media/tuners/built-in.a
  CC [M]  drivers/media/tuners/mc44s803.o
  CC      drivers/i2c/i2c-core-slave.o
  AR      drivers/pps/clients/built-in.a
  AR      drivers/pps/generators/built-in.a
  CC      drivers/pps/pps.o
  AR      drivers/media/rc/keymaps/built-in.a
  AR      drivers/media/rc/built-in.a
  CC [M]  drivers/media/tuners/mt20xx.o
  AR      drivers/media/common/b2c2/built-in.a
  AR      drivers/media/common/saa7146/built-in.a
  AR      drivers/media/common/siano/built-in.a
  AR      drivers/media/common/v4l2-tpg/built-in.a
  AR      drivers/media/common/videobuf2/built-in.a
  CC [M]  drivers/media/common/videobuf2/videobuf2-core.o
  CC      drivers/i2c/i2c-core-of.o
  CC      drivers/pps/kapi.o
  CC [M]  drivers/media/tuners/tuner-simple.o
  CC      drivers/pps/sysfs.o
  AR      drivers/pps/built-in.a
  CC      drivers/ptp/ptp_clock.o
  CC      drivers/i2c/i2c-dev.o
  CC [M]  drivers/media/common/videobuf2/frame_vector.o
  CC [M]  drivers/i2c/i2c-mux.o
  CC [M]  drivers/media/tuners/tuner-types.o
  CC      drivers/ptp/ptp_chardev.o
  CC [M]  drivers/media/common/videobuf2/vb2-trace.o
  CC      drivers/ptp/ptp_sysfs.o
  AR      drivers/i2c/built-in.a
  AR      drivers/media/platform/allegro-dvt/built-in.a
  AR      drivers/media/platform/amlogic/meson-ge2d/built-in.a
  AR      drivers/media/platform/amlogic/built-in.a
  AR      drivers/media/platform/amphion/built-in.a
  AR      drivers/media/platform/aspeed/built-in.a
  AR      drivers/media/platform/atmel/built-in.a
  AR      drivers/media/platform/cadence/built-in.a
  CC [M]  drivers/media/tuners/tda18271-maps.o
  AR      drivers/media/platform/chips-media/coda/built-in.a
  AR      drivers/media/platform/chips-media/wave5/built-in.a
  AR      drivers/media/platform/chips-media/built-in.a
  CC [M]  drivers/media/common/videobuf2/videobuf2-memops.o
  AR      drivers/media/platform/intel/built-in.a
  AR      drivers/media/platform/marvell/built-in.a
  AR      drivers/media/platform/mediatek/jpeg/built-in.a
  AR      drivers/media/platform/mediatek/mdp/built-in.a
  AR      drivers/media/platform/mediatek/vcodec/common/built-in.a
  AR      drivers/media/platform/mediatek/vcodec/encoder/built-in.a
  AR      drivers/media/platform/mediatek/vcodec/decoder/built-in.a
  AR      drivers/media/platform/mediatek/vcodec/built-in.a
  AR      drivers/media/platform/mediatek/vpu/built-in.a
  AR      drivers/media/platform/mediatek/mdp3/built-in.a
  AR      drivers/media/platform/mediatek/built-in.a
  AR      drivers/media/platform/microchip/built-in.a
  AR      drivers/media/platform/nuvoton/built-in.a
  AR      drivers/media/platform/nvidia/tegra-vde/built-in.a
  AR      drivers/media/platform/nvidia/built-in.a
  AR      drivers/media/platform/nxp/dw100/built-in.a
  AR      drivers/media/platform/nxp/imx-jpeg/built-in.a
  AR      drivers/media/platform/nxp/imx8-isi/built-in.a
  AR      drivers/media/platform/nxp/built-in.a
  AR      drivers/media/platform/qcom/camss/built-in.a
  AR      drivers/media/platform/qcom/venus/built-in.a
  AR      drivers/media/platform/qcom/built-in.a
  AR      drivers/media/platform/renesas/rcar-vin/built-in.a
  AR      drivers/media/platform/renesas/rzg2l-cru/built-in.a
  AR      drivers/media/platform/renesas/vsp1/built-in.a
  AR      drivers/media/platform/renesas/built-in.a
  AR      drivers/media/platform/rockchip/rga/built-in.a
  AR      drivers/media/platform/rockchip/rkisp1/built-in.a
  AR      drivers/media/platform/rockchip/built-in.a
  CC      drivers/ptp/ptp_vclock.o
  AR      drivers/media/platform/samsung/exynos-gsc/built-in.a
  AR      drivers/media/platform/samsung/exynos4-is/built-in.a
  AR      drivers/media/platform/samsung/s3c-camif/built-in.a
  AR      drivers/media/platform/samsung/s5p-g2d/built-in.a
  AR      drivers/media/platform/samsung/s5p-jpeg/built-in.a
  AR      drivers/media/platform/samsung/s5p-mfc/built-in.a
  AR      drivers/media/platform/samsung/built-in.a
  AR      drivers/media/platform/st/sti/bdisp/built-in.a
  AR      drivers/media/platform/st/sti/c8sectpfe/built-in.a
  AR      drivers/media/platform/st/sti/delta/built-in.a
  AR      drivers/media/platform/st/sti/hva/built-in.a
  AR      drivers/media/platform/st/stm32/built-in.a
  AR      drivers/media/platform/st/built-in.a
  AR      drivers/media/platform/sunxi/sun4i-csi/built-in.a
  AR      drivers/media/platform/sunxi/sun6i-csi/built-in.a
  AR      drivers/media/platform/sunxi/sun6i-mipi-csi2/built-in.a
  AR      drivers/media/platform/sunxi/sun8i-a83t-mipi-csi2/built-in.a
  AR      drivers/media/platform/sunxi/sun8i-di/built-in.a
  AR      drivers/media/platform/sunxi/sun8i-rotate/built-in.a
  AR      drivers/media/platform/sunxi/built-in.a
  AR      drivers/media/platform/ti/am437x/built-in.a
  AR      drivers/media/platform/ti/cal/built-in.a
  AR      drivers/media/platform/ti/vpe/built-in.a
  AR      drivers/media/platform/ti/davinci/built-in.a
  AR      drivers/media/platform/ti/j721e-csi2rx/built-in.a
  AR      drivers/media/platform/ti/omap/built-in.a
  AR      drivers/media/platform/ti/omap3isp/built-in.a
  AR      drivers/media/platform/ti/built-in.a
  AR      drivers/media/platform/verisilicon/built-in.a
  CC [M]  drivers/media/tuners/tda18271-common.o
  AR      drivers/media/platform/via/built-in.a
  AR      drivers/media/platform/xilinx/built-in.a
  AR      drivers/media/platform/built-in.a
  CC [M]  drivers/media/common/videobuf2/videobuf2-v4l2.o
  CC [M]  drivers/media/common/uvc.o
  AR      drivers/ptp/built-in.a
  CC [M]  drivers/media/tuners/tda18271-fe.o
  CC [M]  drivers/media/common/videobuf2/videobuf2-vmalloc.o
  AR      drivers/media/pci/ttpci/built-in.a
  AR      drivers/media/pci/b2c2/built-in.a
  AR      drivers/media/pci/pluto2/built-in.a
  AR      drivers/media/pci/dm1105/built-in.a
  AR      drivers/media/pci/pt1/built-in.a
  AR      drivers/media/pci/pt3/built-in.a
  AR      drivers/media/pci/mantis/built-in.a
  AR      drivers/media/pci/ngene/built-in.a
  AR      drivers/media/pci/ddbridge/built-in.a
  AR      drivers/media/pci/saa7146/built-in.a
  AR      drivers/media/pci/smipcie/built-in.a
  AR      drivers/media/pci/netup_unidvb/built-in.a
  AR      drivers/media/pci/intel/ipu3/built-in.a
  AR      drivers/media/pci/intel/ivsc/built-in.a
  AR      drivers/media/pci/intel/built-in.a
  AR      drivers/media/pci/built-in.a
  CC      drivers/power/reset/as3722-poweroff.o
  CC      drivers/power/reset/gpio-poweroff.o
  LD [M]  drivers/media/common/videobuf2/videobuf2-common.o
  AR      drivers/media/usb/b2c2/built-in.a
  AR      drivers/media/common/built-in.a
  AR      drivers/media/usb/dvb-usb/built-in.a
  CC [M]  drivers/media/tuners/tda827x.o
  AR      drivers/media/usb/dvb-usb-v2/built-in.a
  AR      drivers/media/usb/s2255/built-in.a
  AR      drivers/media/usb/siano/built-in.a
  AR      drivers/media/usb/ttusb-budget/built-in.a
  AR      drivers/media/usb/ttusb-dec/built-in.a
  CC [M]  drivers/media/usb/uvc/uvc_driver.o
  CC      drivers/power/reset/gpio-restart.o
  CC      drivers/power/reset/hisi-reboot.o
  CC [M]  drivers/media/tuners/tda8290.o
  CC      drivers/power/reset/msm-poweroff.o
  CC [M]  drivers/media/tuners/tda9887.o
  CC      drivers/power/reset/ocelot-reset.o
  CC [M]  drivers/media/usb/uvc/uvc_queue.o
  CC      drivers/power/reset/odroid-go-ultra-poweroff.o
  CC      drivers/power/supply/power_supply_core.o
  CC [M]  drivers/media/usb/uvc/uvc_v4l2.o
  CC      drivers/power/reset/ltc2952-poweroff.o
  CC [M]  drivers/media/tuners/tea5761.o
  CC      drivers/power/reset/regulator-poweroff.o
  CC      drivers/power/supply/power_supply_sysfs.o
  CC      drivers/power/reset/restart-poweroff.o
  CC [M]  drivers/media/usb/uvc/uvc_video.o
  CC      drivers/power/reset/vexpress-poweroff.o
  CC [M]  drivers/media/tuners/tea5767.o
  CC      drivers/power/supply/power_supply_leds.o
  CC      drivers/power/reset/syscon-reboot.o
  CC      drivers/power/supply/power_supply_hwmon.o
  CC      drivers/power/reset/syscon-poweroff.o
  CC      drivers/power/supply/samsung-sdi-battery.o
  CC [M]  drivers/media/usb/uvc/uvc_ctrl.o
  AR      drivers/power/reset/built-in.a
  CC      drivers/hwmon/hwmon.o
  CC [M]  drivers/media/tuners/xc2028.o
  CC      drivers/power/supply/charger-manager.o
  CC [M]  drivers/media/usb/uvc/uvc_status.o
  AR      drivers/power/supply/built-in.a
  AR      drivers/power/built-in.a
  AR      drivers/media/mmc/siano/built-in.a
  AR      drivers/media/mmc/built-in.a
  AR      drivers/media/firewire/built-in.a
  AR      drivers/media/spi/built-in.a
  AR      drivers/media/usb/built-in.a
  CC [M]  drivers/media/usb/uvc/uvc_isight.o
  AR      drivers/hwmon/built-in.a
  CC [M]  drivers/media/tuners/xc4000.o
  CC [M]  drivers/media/tuners/xc5000.o
  AR      drivers/media/test-drivers/built-in.a
  CC [M]  drivers/media/usb/uvc/uvc_debugfs.o
  AR      drivers/thermal/broadcom/built-in.a
  AR      drivers/thermal/samsung/built-in.a
  AR      drivers/thermal/intel/built-in.a
  AR      drivers/thermal/st/built-in.a
  AR      drivers/thermal/qcom/built-in.a
  AR      drivers/thermal/tegra/built-in.a
  AR      drivers/thermal/mediatek/built-in.a
  CC      drivers/thermal/thermal_core.o
  CC [M]  drivers/media/usb/uvc/uvc_metadata.o
  CC      drivers/watchdog/watchdog_core.o
  LD [M]  drivers/media/tuners/tda18271.o
  CC [M]  drivers/media/mc/mc-device.o
  CC [M]  drivers/media/usb/uvc/uvc_entity.o
  CC      drivers/thermal/thermal_sysfs.o
  LD [M]  drivers/media/usb/uvc/uvcvideo.o
  CC [M]  drivers/media/v4l2-core/v4l2-async.o
  CC      drivers/watchdog/watchdog_dev.o
  CC [M]  drivers/media/mc/mc-devnode.o
  CC      drivers/thermal/thermal_trip.o
  CC [M]  drivers/media/mc/mc-entity.o
  CC      drivers/watchdog/watchdog_pretimeout.o
  CC      drivers/thermal/thermal_helpers.o
  CC [M]  drivers/media/v4l2-core/v4l2-fwnode.o
  CC      drivers/watchdog/pretimeout_noop.o
  CC      drivers/thermal/thermal_netlink.o
  CC      drivers/watchdog/npcm_wdt.o
  CC [M]  drivers/media/mc/mc-request.o
  CC      drivers/watchdog/rtd119x_wdt.o
  CC [M]  drivers/media/v4l2-core/v4l2-dv-timings.o
  AR      drivers/watchdog/built-in.a
  CC      drivers/md/md.o
  CC      drivers/thermal/thermal_hwmon.o
  CC [M]  drivers/media/mc/mc-dev-allocator.o
  CC      drivers/thermal/thermal_of.o
  CC [M]  drivers/media/v4l2-core/v4l2-dev.o
  LD [M]  drivers/media/mc/mc.o
  CC      drivers/md/md-bitmap.o
  CC      drivers/thermal/gov_fair_share.o
  CC      drivers/thermal/gov_bang_bang.o
  CC      drivers/thermal/gov_step_wise.o
  CC [M]  drivers/media/v4l2-core/v4l2-ioctl.o
  CC      drivers/thermal/gov_user_space.o
  CC      drivers/thermal/gov_power_allocator.o
  CC      drivers/md/md-autodetect.o
  CC      drivers/thermal/cpufreq_cooling.o
  AR      drivers/accessibility/braille/built-in.a
  AR      drivers/accessibility/built-in.a
  CC [M]  drivers/media/dvb-core/dvbdev.o
  CC      drivers/thermal/cpuidle_cooling.o
  CC [M]  drivers/media/v4l2-core/v4l2-device.o
  CC      drivers/thermal/devfreq_cooling.o
  CC [M]  drivers/media/dvb-core/dmxdev.o
  CC      drivers/md/dm-init.o
  CC      drivers/thermal/armada_thermal.o
  CC [M]  drivers/media/v4l2-core/v4l2-fh.o
  CC      drivers/md/dm-uevent.o
  AR      drivers/thermal/built-in.a
  AR      drivers/isdn/hardware/built-in.a
  AR      drivers/isdn/built-in.a
  CC [M]  drivers/media/dvb-core/dvb_demux.o
  CC [M]  drivers/media/v4l2-core/v4l2-event.o
  CC      drivers/md/dm-zone.o
  CC      drivers/edac/edac_mc.o
  CC [M]  drivers/media/dvb-core/dvb_ca_en50221.o
  CC [M]  drivers/media/v4l2-core/v4l2-subdev.o
  CC      drivers/md/dm-ima.o
  CC      drivers/edac/edac_device.o
  CC [M]  drivers/media/dvb-core/dvb_frontend.o
  CC [M]  drivers/media/v4l2-core/v4l2-common.o
  CC      drivers/md/dm-audit.o
  CC      drivers/edac/edac_mc_sysfs.o
  CC      drivers/edac/edac_module.o
  CC      drivers/md/dm.o
  CC [M]  drivers/media/dvb-core/dvb_net.o
  CC [M]  drivers/media/v4l2-core/v4l2-ctrls-core.o
  CC      drivers/edac/edac_device_sysfs.o
  CC      drivers/edac/wq.o
  CC [M]  drivers/media/dvb-core/dvb_ringbuffer.o
  CC [M]  drivers/media/v4l2-core/v4l2-ctrls-api.o
  CC      drivers/edac/edac_pci.o
  CC      drivers/md/dm-table.o
  LD [M]  drivers/media/dvb-core/dvb-core.o
  AR      drivers/media/built-in.a
  CC      drivers/opp/core.o
  CC      drivers/edac/edac_pci_sysfs.o
  CC [M]  drivers/media/v4l2-core/v4l2-ctrls-request.o
  CC      drivers/md/dm-target.o
  CC      drivers/edac/ghes_edac.o
  CC      drivers/opp/cpu.o
  CC [M]  drivers/media/v4l2-core/v4l2-ctrls-defs.o
  CC      drivers/edac/altera_edac.o
  CC      drivers/md/dm-linear.o
  CC      drivers/opp/of.o
  CC      drivers/md/dm-stripe.o
  CC [M]  drivers/media/v4l2-core/v4l2-compat-ioctl32.o
  AR      drivers/edac/built-in.a
  CC [M]  drivers/media/v4l2-core/v4l2-mc.o
  CC      drivers/opp/debugfs.o
  CC      drivers/md/dm-ioctl.o
  CC      drivers/opp/ti-opp-supply.o
  CC [M]  drivers/media/v4l2-core/v4l2-spi.o
  AR      drivers/opp/built-in.a
  CC      drivers/cpufreq/cpufreq.o
  CC      drivers/cpuidle/governors/ladder.o
  CC      drivers/cpuidle/governors/menu.o
  CC      drivers/md/dm-io.o
  CC      drivers/cpuidle/governors/teo.o
  CC [M]  drivers/media/v4l2-core/v4l2-trace.o
  AR      drivers/cpuidle/governors/built-in.a
  CC      drivers/cpuidle/cpuidle.o
  CC      drivers/md/dm-kcopyd.o
  CC      drivers/cpufreq/freq_table.o
  CC [M]  drivers/media/v4l2-core/v4l2-i2c.o
  CC      drivers/cpuidle/driver.o
  CC      drivers/cpufreq/cpufreq_stats.o
  CC      drivers/cpufreq/cpufreq_performance.o
  CC      drivers/cpuidle/governor.o
  CC      drivers/md/dm-sysfs.o
  LD [M]  drivers/media/v4l2-core/videodev.o
  CC      drivers/md/dm-stats.o
  CC      drivers/cpufreq/cpufreq_powersave.o
  CC      drivers/cpuidle/sysfs.o
  CC      drivers/cpufreq/cpufreq_userspace.o
  CC      drivers/mmc/core/core.o
  CC      drivers/cpuidle/dt_idle_states.o
  CC      drivers/cpufreq/cpufreq_ondemand.o
  CC      drivers/md/dm-rq.o
  CC      drivers/cpuidle/dt_idle_genpd.o
  CC      drivers/cpuidle/cpuidle-psci.o
  CC      drivers/cpufreq/cpufreq_conservative.o
  CC      drivers/md/dm-io-rewind.o
  CC      drivers/cpufreq/cpufreq_governor.o
  CC      drivers/cpuidle/cpuidle-psci-domain.o
  CC      drivers/mmc/core/bus.o
  AR      drivers/cpuidle/built-in.a
  AR      drivers/ufs/built-in.a
  CC      drivers/mmc/host/mmci.o
  CC      drivers/md/dm-builtin.o
  CC      drivers/cpufreq/cpufreq_governor_attr_set.o
  CC      drivers/mmc/core/host.o
  CC      drivers/cpufreq/cpufreq-dt.o
  AR      drivers/md/built-in.a
  CC      drivers/leds/trigger/ledtrig-disk.o
  CC      drivers/mmc/host/mmci_stm32_sdmmc.o
  CC      drivers/cpufreq/cpufreq-dt-platdev.o
  CC      drivers/leds/trigger/ledtrig-cpu.o
  CC      drivers/mmc/core/mmc.o
  CC      drivers/cpufreq/tegra20-cpufreq.o
  AR      drivers/mmc/host/built-in.a
  AR      drivers/firmware/arm_ffa/built-in.a
  CC      drivers/firmware/arm_scmi/bus.o
  CC      drivers/cpufreq/tegra124-cpufreq.o
  CC      drivers/leds/trigger/ledtrig-panic.o
  AR      drivers/leds/trigger/built-in.a
  AR      drivers/leds/blink/built-in.a
  AR      drivers/leds/simple/built-in.a
  CC      drivers/leds/led-core.o
  CC      drivers/cpufreq/ti-cpufreq.o
  CC      drivers/firmware/arm_scmi/driver.o
  CC      drivers/mmc/core/mmc_ops.o
  AR      drivers/cpufreq/built-in.a
  CC      drivers/leds/led-class.o
  CC      drivers/mmc/core/sd.o
  CC      drivers/leds/led-triggers.o
  AR      drivers/firmware/broadcom/built-in.a
  CC      drivers/firmware/arm_scmi/notify.o
  CC      drivers/mmc/core/sd_ops.o
  CC      drivers/leds/leds-syscon.o
  CC      drivers/firmware/arm_scmi/raw_mode.o
  AR      drivers/crypto/allwinner/built-in.a
  AR      drivers/crypto/ccp/built-in.a
  AR      drivers/crypto/stm32/built-in.a
  AR      drivers/crypto/xilinx/built-in.a
  AR      drivers/crypto/hisilicon/built-in.a
  AR      drivers/crypto/intel/keembay/built-in.a
  AR      drivers/crypto/intel/ixp4xx/built-in.a
  AR      drivers/crypto/intel/built-in.a
  AR      drivers/crypto/starfive/built-in.a
  AR      drivers/crypto/built-in.a
  CC      drivers/clocksource/timer-of.o
  AR      drivers/leds/built-in.a
  AR      drivers/firmware/cirrus/built-in.a
  CC      drivers/mmc/core/sdio.o
  CC      drivers/clocksource/timer-probe.o
  CC      drivers/firmware/arm_scmi/base.o
  CC      drivers/hid/bpf/hid_bpf_dispatch.o
  CC      drivers/firmware/arm_scmi/clock.o
  CC      drivers/clocksource/sh_cmt.o
  CC      drivers/mmc/core/sdio_ops.o
  CC      drivers/firmware/arm_scmi/perf.o
  CC      drivers/mmc/core/sdio_bus.o
  CC      drivers/clocksource/renesas-ostm.o
  CC      drivers/clocksource/sh_tmu.o
  CC      drivers/hid/bpf/hid_bpf_jmp_table.o
  CC      drivers/firmware/arm_scmi/power.o
  CC      drivers/mmc/core/sdio_cis.o
  CC      drivers/firmware/arm_scmi/reset.o
  CC      drivers/clocksource/mmio.o
  CC      drivers/clocksource/timer-ti-dm.o
  CC      drivers/firmware/arm_scmi/sensors.o
  AR      drivers/hid/bpf/built-in.a
  CC [M]  drivers/hid/usbhid/hid-core.o
  CC      drivers/mmc/core/sdio_io.o
  CC      drivers/firmware/arm_scmi/system.o
  CC      drivers/clocksource/dw_apb_timer.o
  CC      drivers/firmware/arm_scmi/voltage.o
  CC      drivers/mmc/core/sdio_irq.o
  CC      drivers/clocksource/dw_apb_timer_of.o
  CC      drivers/firmware/arm_scmi/powercap.o
  CC      drivers/clocksource/timer-rockchip.o
  CC [M]  drivers/hid/usbhid/hiddev.o
  CC      drivers/clocksource/timer-sun4i.o
  CC      drivers/mmc/core/slot-gpio.o
  CC      drivers/firmware/arm_scmi/shmem.o
  CC      drivers/clocksource/timer-tegra.o
  CC      drivers/firmware/arm_scmi/mailbox.o
  CC      drivers/clocksource/timer-tegra186.o
  CC      drivers/mmc/core/regulator.o
  CC      drivers/firmware/arm_scmi/smc.o
  CC [M]  drivers/hid/usbhid/hid-pidff.o
  CC      drivers/clocksource/timer-mediatek.o
  CC      drivers/firmware/arm_scmi/msg.o
  CC      drivers/clocksource/timer-mediatek-cpux.o
  CC      drivers/firmware/arm_scmi/virtio.o
  CC      drivers/mmc/core/pwrseq.o
  CC      drivers/clocksource/timer-owl.o
  LD [M]  drivers/hid/usbhid/usbhid.o
  AR      drivers/hid/built-in.a
  CC [M]  drivers/hid/hid-core.o
  CC      drivers/clocksource/timer-sprd.o
  AR      drivers/firmware/arm_scmi/built-in.a
  CC      drivers/firmware/meson/meson_sm.o
  CC      drivers/mmc/core/debugfs.o
  CC      drivers/clocksource/timer-npcm7xx.o
  CC      drivers/clocksource/arm_arch_timer.o
  AR      drivers/firmware/meson/built-in.a
  AR      drivers/firmware/microchip/built-in.a
  CC      drivers/firmware/efi/libstub/efi-stub-helper.o
  CC      drivers/mmc/core/crypto.o
  CC      drivers/firmware/efi/libstub/gop.o
  CC [M]  drivers/hid/hid-input.o
  AR      drivers/mmc/core/built-in.a
  AR      drivers/mmc/built-in.a
  CC      drivers/firmware/efi/efi-bgrt.o
  CC      drivers/firmware/efi/libstub/secureboot.o
  CC      drivers/clocksource/timer-sp804.o
  CC      drivers/firmware/efi/efi.o
  CC      drivers/firmware/efi/libstub/tpm.o
  CC      drivers/clocksource/dummy_timer.o
  CC      drivers/clocksource/timer-imx-sysctr.o
  CC      drivers/firmware/efi/libstub/file.o
  AR      drivers/clocksource/built-in.a
  AR      drivers/firmware/imx/built-in.a
  CC      drivers/firmware/psci/psci.o
  CC      drivers/firmware/efi/libstub/mem.o
  CC [M]  drivers/hid/hid-quirks.o
  CC      drivers/of/base.o
  CC      drivers/firmware/efi/libstub/random.o
  AR      drivers/firmware/psci/built-in.a
  CC      drivers/firmware/qcom/qcom_scm.o
  CC      drivers/firmware/efi/libstub/randomalloc.o
  CC [M]  drivers/hid/hid-debug.o
  CC      drivers/firmware/efi/libstub/pci.o
  CC      drivers/of/cpu.o
  CC      drivers/firmware/qcom/qcom_scm-smc.o
  CC      drivers/firmware/efi/libstub/skip_spaces.o
  CC      drivers/firmware/efi/libstub/lib-cmdline.o
  CC      drivers/firmware/efi/libstub/lib-ctype.o
  CC      drivers/firmware/efi/libstub/alignedmem.o
  CC      drivers/of/device.o
  CC      drivers/firmware/qcom/qcom_scm-legacy.o
  CC      drivers/firmware/efi/libstub/relocate.o
  CC [M]  drivers/hid/hidraw.o
  CC      drivers/firmware/qcom/qcom_qseecom.o
  CC      drivers/firmware/efi/libstub/printk.o
  CC      drivers/of/module.o
  CC      drivers/firmware/qcom/qcom_qseecom_uefisecapp.o
  CC      drivers/firmware/efi/libstub/vsprintf.o
  CC      drivers/firmware/efi/libstub/fdt.o
  CC      drivers/of/platform.o
  AR      drivers/firmware/qcom/built-in.a
  CC      drivers/firmware/smccc/smccc.o
  CC [M]  drivers/hid/hid-generic.o
  CC      drivers/firmware/efi/libstub/lib-fdt_rw.o
  CC      drivers/firmware/efi/libstub/lib-fdt_ro.o
  LD [M]  drivers/hid/hid.o
  CC      drivers/firmware/smccc/kvm_guest.o
  AR      drivers/staging/media/sunxi/built-in.a
  AR      drivers/staging/media/built-in.a
  CC      drivers/staging/vme_user/vme.o
  CC      drivers/firmware/efi/libstub/lib-fdt_wip.o
  CC      drivers/firmware/efi/libstub/lib-fdt.o
  CC      drivers/firmware/smccc/soc_id.o
  CC      drivers/firmware/efi/libstub/lib-fdt_empty_tree.o
  CC      drivers/firmware/efi/libstub/lib-fdt_sw.o
  CC      drivers/firmware/efi/libstub/efi-stub.o
  CC      drivers/of/property.o
  AR      drivers/firmware/smccc/built-in.a
  CC      drivers/firmware/tegra/bpmp.o
  CC      drivers/firmware/efi/libstub/string.o
  CC      drivers/firmware/efi/libstub/intrinsics.o
  AR      drivers/staging/vme_user/built-in.a
  AR      drivers/staging/built-in.a
  CC      drivers/firmware/tegra/bpmp-tegra210.o
  CC      drivers/firmware/efi/libstub/systable.o
  CC      drivers/of/kobj.o
  CC      drivers/firmware/efi/vars.o
  CC      drivers/firmware/tegra/bpmp-tegra186.o
  CC      drivers/of/dynamic.o
  CC      drivers/firmware/efi/libstub/screen_info.o
  CC      drivers/firmware/efi/libstub/efi-stub-entry.o
  CC      drivers/firmware/tegra/bpmp-debugfs.o
  CC      drivers/firmware/efi/libstub/kaslr.o
  CC      drivers/of/fdt.o
  CC      drivers/firmware/xilinx/zynqmp.o
  CC      drivers/firmware/efi/libstub/arm64.o
  CC      drivers/firmware/tegra/ivc.o
  CC      drivers/firmware/efi/libstub/arm64-stub.o
  CC      drivers/firmware/efi/libstub/smbios.o
  AR      drivers/firmware/xilinx/built-in.a
  CC      drivers/of/fdt_address.o
  AR      drivers/firmware/tegra/built-in.a
  CC      drivers/firmware/arm_sdei.o
  CC      drivers/firmware/efi/libstub/zboot.o
  CC      drivers/firmware/dmi_scan.o
  CC      drivers/of/address.o
  AR      drivers/platform/mellanox/built-in.a
  AR      drivers/platform/chrome/built-in.a
  AR      drivers/platform/surface/built-in.a
  AR      drivers/platform/built-in.a
  CC      drivers/firmware/efi/reboot.o
  STUBCPY drivers/firmware/efi/libstub/alignedmem.stub.o
  CC      drivers/of/irq.o
  CC      drivers/firmware/efi/memattr.o
  CC      drivers/mailbox/mailbox.o
  CC      drivers/firmware/efi/tpm.o
  CC      drivers/of/of_reserved_mem.o
  CC      drivers/mailbox/pl320-ipc.o
  CC      drivers/hwspinlock/hwspinlock_core.o
  STUBCPY drivers/firmware/efi/libstub/arm64-stub.stub.o
  STUBCPY drivers/firmware/efi/libstub/arm64.stub.o
  STUBCPY drivers/firmware/efi/libstub/efi-stub-entry.stub.o
  STUBCPY drivers/firmware/efi/libstub/efi-stub-helper.stub.o
  STUBCPY drivers/firmware/efi/libstub/efi-stub.stub.o
  STUBCPY drivers/firmware/efi/libstub/fdt.stub.o
  STUBCPY drivers/firmware/efi/libstub/file.stub.o
  STUBCPY drivers/firmware/efi/libstub/gop.stub.o
  STUBCPY drivers/firmware/efi/libstub/intrinsics.stub.o
  STUBCPY drivers/firmware/efi/libstub/kaslr.stub.o
  STUBCPY drivers/firmware/efi/libstub/lib-cmdline.stub.o
  STUBCPY drivers/firmware/efi/libstub/lib-ctype.stub.o
  STUBCPY drivers/firmware/efi/libstub/lib-fdt.stub.o
  STUBCPY drivers/firmware/efi/libstub/lib-fdt_empty_tree.stub.o
  STUBCPY drivers/firmware/efi/libstub/lib-fdt_ro.stub.o
  STUBCPY drivers/firmware/efi/libstub/lib-fdt_rw.stub.o
  STUBCPY drivers/firmware/efi/libstub/lib-fdt_sw.stub.o
  STUBCPY drivers/firmware/efi/libstub/lib-fdt_wip.stub.o
  STUBCPY drivers/firmware/efi/libstub/mem.stub.o
  STUBCPY drivers/firmware/efi/libstub/pci.stub.o
  STUBCPY drivers/firmware/efi/libstub/printk.stub.o
  STUBCPY drivers/firmware/efi/libstub/random.stub.o
  STUBCPY drivers/firmware/efi/libstub/randomalloc.stub.o
  STUBCPY drivers/firmware/efi/libstub/relocate.stub.o
  STUBCPY drivers/firmware/efi/libstub/screen_info.stub.o
  STUBCPY drivers/firmware/efi/libstub/secureboot.stub.o
  CC      drivers/of/resolver.o
  STUBCPY drivers/firmware/efi/libstub/skip_spaces.stub.o
  STUBCPY drivers/firmware/efi/libstub/smbios.stub.o
  STUBCPY drivers/firmware/efi/libstub/string.stub.o
  STUBCPY drivers/firmware/efi/libstub/systable.stub.o
  STUBCPY drivers/firmware/efi/libstub/tpm.stub.o
  STUBCPY drivers/firmware/efi/libstub/vsprintf.stub.o
  STUBCPY drivers/firmware/efi/libstub/zboot.stub.o
  AR      drivers/firmware/efi/libstub/lib.a
  CC      drivers/mailbox/rockchip-mailbox.o
  CC      drivers/firmware/efi/memmap.o
  AR      drivers/hwspinlock/built-in.a
  CC      drivers/remoteproc/remoteproc_core.o
  CC      drivers/mailbox/pcc.o
  CC      drivers/firmware/efi/fdtparams.o
  CC      drivers/of/overlay.o
  CC      drivers/firmware/efi/esrt.o
  CC      drivers/mailbox/ti-msgmgr.o
  CC      drivers/firmware/efi/cper.o
  CC      drivers/of/of_numa.o
  CC      drivers/remoteproc/remoteproc_coredump.o
  CC      drivers/of/kexec.o
  CC      drivers/mailbox/tegra-hsp.o
  AR      drivers/of/built-in.a
  CC      drivers/firmware/dmi-id.o
  CC      drivers/firmware/efi/cper_cxl.o
  CC      drivers/remoteproc/remoteproc_debugfs.o
  CC      drivers/mailbox/zynqmp-ipi-mailbox.o
  CC      drivers/firmware/memmap.o
  CC      drivers/firmware/efi/runtime-wrappers.o
  CC      drivers/remoteproc/remoteproc_sysfs.o
  CC      drivers/mailbox/sun6i-msgbox.o
  CC      drivers/firmware/sysfb.o
  CC      drivers/firmware/efi/mokvar-table.o
  CC      drivers/remoteproc/remoteproc_virtio.o
  CC      drivers/mailbox/qcom-ipcc.o
  CC      drivers/firmware/efi/sysfb_efi.o
  AR      drivers/mailbox/built-in.a
  AR      drivers/virt/vboxguest/built-in.a
  AR      drivers/virt/coco/built-in.a
  AR      drivers/virt/built-in.a
  AR      drivers/devfreq/event/built-in.a
  CC      drivers/firmware/efi/efi-init.o
  CC      drivers/devfreq/devfreq.o
  CC      drivers/remoteproc/remoteproc_elf_loader.o
  CC      drivers/firmware/sysfb_simplefb.o
  CC      drivers/firmware/efi/arm-runtime.o
  CC      drivers/firmware/ti_sci.o
  CC      drivers/remoteproc/remoteproc_cdev.o
  CC      drivers/firmware/efi/earlycon.o
  AR      drivers/remoteproc/built-in.a
  CC      drivers/devfreq/devfreq-event.o
  CC      drivers/extcon/extcon.o
  CC      drivers/firmware/efi/cper-arm.o
  CC      drivers/devfreq/governor_simpleondemand.o
  CC      drivers/extcon/devres.o
  CC [M]  drivers/firmware/efi/efi-pstore.o
  CC      drivers/devfreq/governor_performance.o
  CC      drivers/memory/tegra/mc.o
  CC      drivers/devfreq/governor_powersave.o
  AR      drivers/firmware/efi/built-in.a
  CC [M]  drivers/firmware/dmi-sysfs.o
  AR      drivers/extcon/built-in.a
  CC      drivers/memory/omap-gpmc.o
  CC      drivers/devfreq/governor_userspace.o
  AR      drivers/firmware/built-in.a
  CC      drivers/devfreq/governor_passive.o
  CC      drivers/powercap/dtpm.o
  CC      drivers/memory/tegra/tegra124.o
  AR      drivers/devfreq/built-in.a
  CC      drivers/perf/arm-cci.o
  CC      drivers/memory/tegra/tegra210.o
  CC      drivers/powercap/dtpm_cpu.o
  CC      drivers/memory/tegra/tegra186.o
  CC      drivers/ras/ras.o
  CC      drivers/powercap/powercap_sys.o
  CC      drivers/perf/arm-ccn.o
  CC      drivers/memory/tegra/tegra194.o
  CC      drivers/memory/tegra/tegra234.o
  CC      drivers/powercap/idle_inject.o
  CC      drivers/memory/tegra/tegra186-emc.o
  CC      drivers/ras/debugfs.o
  CC      drivers/perf/arm_pmu.o
  AR      drivers/powercap/built-in.a
  CC      drivers/perf/arm_pmu_platform.o
  AR      drivers/memory/tegra/built-in.a
  AR      drivers/memory/built-in.a
  AR      drivers/hwtracing/intel_th/built-in.a
  AR      drivers/android/built-in.a
  CC      drivers/perf/arm_pmu_acpi.o
  AR      drivers/ras/built-in.a
  AR      drivers/nvmem/layouts/built-in.a
  CC      drivers/nvmem/core.o
  CC      drivers/perf/arm_pmuv3.o
  CC      drivers/nvmem/layouts.o
  CC      drivers/perf/qcom_l2_pmu.o
  CC      drivers/interconnect/qcom/icc-common.o
  CC      drivers/interconnect/core.o
  CC      drivers/nvmem/zynqmp_nvmem.o
  CC      drivers/perf/qcom_l3_pmu.o
  AR      drivers/nvmem/built-in.a
  CC      drivers/interconnect/qcom/bcm-voter.o
  CC      drivers/interconnect/bulk.o
  CC      drivers/perf/xgene_pmu.o
  CC      drivers/hte/hte.o
  CC      drivers/interconnect/qcom/icc-rpmh.o
  AR      drivers/accel/built-in.a
  CC      drivers/interconnect/qcom/sa8775p.o
  CC      drivers/interconnect/debugfs-client.o
  CC      drivers/interconnect/qcom/sc7180.o
  CC      drivers/perf/apple_m1_cpu_pmu.o
  AR      drivers/hte/built-in.a
  CC      drivers/interconnect/qcom/sc7280.o
  AR      drivers/cdx/controller/built-in.a
  CC      drivers/cdx/cdx.o
  CC      drivers/interconnect/qcom/sc8180x.o
  CC      drivers/interconnect/qcom/sc8280xp.o
  AR      drivers/perf/built-in.a
  AR      drivers/interconnect/qcom/built-in.a
  AR      drivers/interconnect/built-in.a
  AR      drivers/cdx/built-in.a
  AR      drivers/built-in.a
  AR      built-in.a
  AR      vmlinux.a
  LD      vmlinux.o
  OBJCOPY modules.builtin.modinfo
  GEN     modules.builtin
  GEN     .vmlinux.objs
  MODPOST Module.symvers
  CC      .vmlinux.export.o
  UPD     include/generated/utsversion.h
  CC      init/version-timestamp.o
  LD      .tmp_vmlinux.btf
  BTF     .btf.vmlinux.bin.o
  LD      .tmp_vmlinux.kallsyms1
  NM      .tmp_vmlinux.kallsyms1.syms
  KSYMS   .tmp_vmlinux.kallsyms1.S
  AS      .tmp_vmlinux.kallsyms1.S
  LD      .tmp_vmlinux.kallsyms2
  NM      .tmp_vmlinux.kallsyms2.syms
  KSYMS   .tmp_vmlinux.kallsyms2.S
  AS      .tmp_vmlinux.kallsyms2.S
  LD      vmlinux
  BTFIDS  vmlinux
  NM      System.map
  SORTTAB vmlinux
  OBJCOPY arch/arm64/boot/Image
  CC [M]  arch/arm64/crypto/sha3-ce.mod.o
  CC [M]  arch/arm64/crypto/ghash-ce.mod.o
  CC [M]  arch/arm64/crypto/polyval-ce.mod.o
  CC [M]  arch/arm64/crypto/aes-ce-cipher.mod.o
  CC [M]  arch/arm64/crypto/aes-ce-blk.mod.o
  CC [M]  kernel/configs.mod.o
  CC [M]  fs/nls/nls_iso8859-1.mod.o
  PAD     arch/arm64/boot/vmlinux.bin
  CC [M]  fs/binfmt_misc.mod.o
  AS      arch/arm64/boot/zboot-header.o
  CC [M]  fs/autofs/autofs4.mod.o
  CC [M]  crypto/sm4.mod.o
  ZSTD22  arch/arm64/boot/vmlinuz
  CC [M]  crypto/sm4_generic.mod.o
  CC [M]  crypto/polyval-generic.mod.o
  CC [M]  lib/libcrc32c.mod.o
  CC [M]  drivers/gpu/drm/drm_ttm_helper.mod.o
  CC [M]  drivers/gpu/drm/ttm/ttm.mod.o
  CC [M]  drivers/gpu/drm/vmwgfx/vmwgfx.mod.o
  CC [M]  drivers/misc/vmw_vmci/vmw_vmci.mod.o
  CC [M]  drivers/nvme/common/nvme-auth.mod.o
  CC [M]  drivers/nvme/host/nvme-core.mod.o
  CC [M]  drivers/nvme/host/nvme.mod.o
  CC [M]  drivers/ata/ahci.mod.o
  CC [M]  drivers/net/ethernet/intel/e1000e/e1000e.mod.o
  CC [M]  drivers/usb/host/xhci-pci.mod.o
  CC [M]  drivers/usb/host/xhci-pci-renesas.mod.o
  CC [M]  drivers/input/input-leds.mod.o
  CC [M]  drivers/input/joydev.mod.o
  CC [M]  drivers/i2c/i2c-mux.mod.o
  CC [M]  drivers/media/tuners/mc44s803.mod.o
  CC [M]  drivers/media/tuners/mt20xx.mod.o
  CC [M]  drivers/media/tuners/tuner-simple.mod.o
  CC [M]  drivers/media/tuners/tuner-types.mod.o
  CC [M]  drivers/media/tuners/tda18271.mod.o
  CC [M]  drivers/media/tuners/tda827x.mod.o
  CC [M]  drivers/media/tuners/tda8290.mod.o
  CC [M]  drivers/media/tuners/tda9887.mod.o
  CC [M]  drivers/media/tuners/tea5761.mod.o
  CC [M]  drivers/media/tuners/tea5767.mod.o
  CC [M]  drivers/media/tuners/xc2028.mod.o
  CC [M]  drivers/media/tuners/xc4000.mod.o
  CC [M]  drivers/media/tuners/xc5000.mod.o
  CC [M]  drivers/media/common/videobuf2/videobuf2-common.mod.o
  CC [M]  drivers/media/common/videobuf2/videobuf2-memops.mod.o
  CC [M]  drivers/media/common/videobuf2/videobuf2-v4l2.mod.o
  CC [M]  drivers/media/common/videobuf2/videobuf2-vmalloc.mod.o
  CC [M]  drivers/media/common/uvc.mod.o
  CC [M]  drivers/media/usb/uvc/uvcvideo.mod.o
  CC [M]  drivers/media/mc/mc.mod.o
  CC [M]  drivers/media/v4l2-core/v4l2-async.mod.o
  CC [M]  drivers/media/v4l2-core/v4l2-fwnode.mod.o
  CC [M]  drivers/media/v4l2-core/v4l2-dv-timings.mod.o
  CC [M]  drivers/media/v4l2-core/videodev.mod.o
  CC [M]  drivers/media/dvb-core/dvb-core.mod.o
  CC [M]  drivers/firmware/efi/efi-pstore.mod.o
  CC [M]  drivers/firmware/dmi-sysfs.mod.o
  CC [M]  drivers/hid/hid.mod.o
  CC [M]  drivers/hid/hid-generic.mod.o
  CC [M]  drivers/hid/usbhid/usbhid.mod.o
  CC [M]  sound/soundcore.mod.o
  CC [M]  sound/core/snd.mod.o
  CC [M]  sound/core/snd-hwdep.mod.o
  CC [M]  sound/core/snd-timer.mod.o
  CC [M]  sound/core/snd-hrtimer.mod.o
  CC [M]  sound/core/snd-pcm.mod.o
  CC [M]  sound/core/snd-seq-device.mod.o
  CC [M]  sound/core/seq/snd-seq.mod.o
  CC [M]  sound/core/seq/snd-seq-dummy.mod.o
  CC [M]  sound/pci/hda/snd-hda-codec.mod.o
  CC [M]  sound/pci/hda/snd-hda-codec-generic.mod.o
  CC [M]  sound/pci/hda/snd-hda-intel.mod.o
  CC [M]  sound/hda/snd-hda-core.mod.o
  CC [M]  sound/hda/snd-intel-dspcfg.mod.o
  CC [M]  sound/hda/snd-intel-sdw-acpi.mod.o
  CC [M]  net/sched/sch_fq_codel.mod.o
  CC [M]  net/netfilter/nfnetlink.mod.o
  CC [M]  net/netfilter/nfnetlink_hook.mod.o
  CC [M]  net/netfilter/nf_tables.mod.o
  CC [M]  net/netfilter/x_tables.mod.o
  CC [M]  net/netfilter/xt_tcpudp.mod.o
  CC [M]  net/ipv4/netfilter/ip_tables.mod.o
  CC [M]  net/qrtr/qrtr.mod.o
  LD [M]  arch/arm64/crypto/sha3-ce.ko
  BTF [M] arch/arm64/crypto/sha3-ce.ko
  LD [M]  arch/arm64/crypto/ghash-ce.ko
  LD [M]  arch/arm64/crypto/polyval-ce.ko
  BTF [M] arch/arm64/crypto/ghash-ce.ko
  BTF [M] arch/arm64/crypto/polyval-ce.ko
  LD [M]  arch/arm64/crypto/aes-ce-cipher.ko
  LD [M]  arch/arm64/crypto/aes-ce-blk.ko
  BTF [M] arch/arm64/crypto/aes-ce-cipher.ko
  LD [M]  kernel/configs.ko
  BTF [M] arch/arm64/crypto/aes-ce-blk.ko
  BTF [M] kernel/configs.ko
  LD [M]  fs/nls/nls_iso8859-1.ko
  LD [M]  fs/binfmt_misc.ko
  BTF [M] fs/nls/nls_iso8859-1.ko
  LD [M]  fs/autofs/autofs4.ko
  BTF [M] fs/binfmt_misc.ko
  BTF [M] fs/autofs/autofs4.ko
  LD [M]  crypto/sm4.ko
  BTF [M] crypto/sm4.ko
  LD [M]  crypto/sm4_generic.ko
  BTF [M] crypto/sm4_generic.ko
  LD [M]  crypto/polyval-generic.ko
  BTF [M] crypto/polyval-generic.ko
  LD [M]  lib/libcrc32c.ko
  BTF [M] lib/libcrc32c.ko
  LD [M]  drivers/gpu/drm/drm_ttm_helper.ko
  BTF [M] drivers/gpu/drm/drm_ttm_helper.ko
  LD [M]  drivers/gpu/drm/ttm/ttm.ko
  LD [M]  drivers/gpu/drm/vmwgfx/vmwgfx.ko
  BTF [M] drivers/gpu/drm/ttm/ttm.ko
  LD [M]  drivers/misc/vmw_vmci/vmw_vmci.ko
  BTF [M] drivers/misc/vmw_vmci/vmw_vmci.ko
  BTF [M] drivers/gpu/drm/vmwgfx/vmwgfx.ko
  LD [M]  drivers/nvme/common/nvme-auth.ko
  BTF [M] drivers/nvme/common/nvme-auth.ko
  LD [M]  drivers/nvme/host/nvme-core.ko
  LD [M]  drivers/nvme/host/nvme.ko
  BTF [M] drivers/nvme/host/nvme.ko
  BTF [M] drivers/nvme/host/nvme-core.ko
  LD [M]  drivers/ata/ahci.ko
  BTF [M] drivers/ata/ahci.ko
  LD [M]  drivers/net/ethernet/intel/e1000e/e1000e.ko
  LD [M]  drivers/usb/host/xhci-pci.ko
  BTF [M] drivers/net/ethernet/intel/e1000e/e1000e.ko
  BTF [M] drivers/usb/host/xhci-pci.ko
  LD [M]  drivers/usb/host/xhci-pci-renesas.ko
  BTF [M] drivers/usb/host/xhci-pci-renesas.ko
  LD [M]  drivers/input/input-leds.ko
  BTF [M] drivers/input/input-leds.ko
  LD [M]  drivers/input/joydev.ko
  BTF [M] drivers/input/joydev.ko
  LD [M]  drivers/i2c/i2c-mux.ko
  BTF [M] drivers/i2c/i2c-mux.ko
  LD [M]  drivers/media/tuners/mc44s803.ko
  BTF [M] drivers/media/tuners/mc44s803.ko
  LD [M]  drivers/media/tuners/mt20xx.ko
  BTF [M] drivers/media/tuners/mt20xx.ko
  LD [M]  drivers/media/tuners/tuner-simple.ko
  BTF [M] drivers/media/tuners/tuner-simple.ko
  LD [M]  drivers/media/tuners/tuner-types.ko
  BTF [M] drivers/media/tuners/tuner-types.ko
  LD [M]  drivers/media/tuners/tda18271.ko
  BTF [M] drivers/media/tuners/tda18271.ko
  LD [M]  drivers/media/tuners/tda827x.ko
  BTF [M] drivers/media/tuners/tda827x.ko
  LD [M]  drivers/media/tuners/tda8290.ko
  BTF [M] drivers/media/tuners/tda8290.ko
  LD [M]  drivers/media/tuners/tda9887.ko
  LD [M]  drivers/media/tuners/tea5761.ko
  BTF [M] drivers/media/tuners/tda9887.ko
  BTF [M] drivers/media/tuners/tea5761.ko
  LD [M]  drivers/media/tuners/tea5767.ko
  BTF [M] drivers/media/tuners/tea5767.ko
  LD [M]  drivers/media/tuners/xc2028.ko
  LD [M]  drivers/media/tuners/xc4000.ko
  BTF [M] drivers/media/tuners/xc2028.ko
  BTF [M] drivers/media/tuners/xc4000.ko
  LD [M]  drivers/media/tuners/xc5000.ko
  BTF [M] drivers/media/tuners/xc5000.ko
  LD [M]  drivers/media/common/videobuf2/videobuf2-common.ko
  LD [M]  drivers/media/common/videobuf2/videobuf2-memops.ko
  BTF [M] drivers/media/common/videobuf2/videobuf2-memops.ko
  BTF [M] drivers/media/common/videobuf2/videobuf2-common.ko
  LD [M]  drivers/media/common/videobuf2/videobuf2-v4l2.ko
  BTF [M] drivers/media/common/videobuf2/videobuf2-v4l2.ko
  LD [M]  drivers/media/common/videobuf2/videobuf2-vmalloc.ko
  BTF [M] drivers/media/common/videobuf2/videobuf2-vmalloc.ko
  LD [M]  drivers/media/common/uvc.ko
  BTF [M] drivers/media/common/uvc.ko
  LD [M]  drivers/media/usb/uvc/uvcvideo.ko
  LD [M]  drivers/media/mc/mc.ko
  BTF [M] drivers/media/usb/uvc/uvcvideo.ko
  LD [M]  drivers/media/v4l2-core/v4l2-async.ko
  BTF [M] drivers/media/mc/mc.ko
  BTF [M] drivers/media/v4l2-core/v4l2-async.ko
  LD [M]  drivers/media/v4l2-core/v4l2-fwnode.ko
  LD [M]  drivers/media/v4l2-core/v4l2-dv-timings.ko
  BTF [M] drivers/media/v4l2-core/v4l2-fwnode.ko
  BTF [M] drivers/media/v4l2-core/v4l2-dv-timings.ko
  LD [M]  drivers/media/v4l2-core/videodev.ko
  LD [M]  drivers/media/dvb-core/dvb-core.ko
  LD [M]  drivers/firmware/efi/efi-pstore.ko
  BTF [M] drivers/media/v4l2-core/videodev.ko
  BTF [M] drivers/media/dvb-core/dvb-core.ko
  BTF [M] drivers/firmware/efi/efi-pstore.ko
  LD [M]  drivers/firmware/dmi-sysfs.ko
  BTF [M] drivers/firmware/dmi-sysfs.ko
  LD [M]  drivers/hid/hid.ko
  BTF [M] drivers/hid/hid.ko
  LD [M]  drivers/hid/hid-generic.ko
  BTF [M] drivers/hid/hid-generic.ko
  LD [M]  drivers/hid/usbhid/usbhid.ko
  BTF [M] drivers/hid/usbhid/usbhid.ko
  LD [M]  sound/soundcore.ko
  BTF [M] sound/soundcore.ko
  LD [M]  sound/core/snd.ko
  BTF [M] sound/core/snd.ko
  LD [M]  sound/core/snd-hwdep.ko
  BTF [M] sound/core/snd-hwdep.ko
  LD [M]  sound/core/snd-timer.ko
  BTF [M] sound/core/snd-timer.ko
  LD [M]  sound/core/snd-hrtimer.ko
  LD [M]  sound/core/snd-pcm.ko
  BTF [M] sound/core/snd-hrtimer.ko
  BTF [M] sound/core/snd-pcm.ko
  LD [M]  sound/core/snd-seq-device.ko
  BTF [M] sound/core/snd-seq-device.ko
  LD [M]  sound/core/seq/snd-seq.ko
  LD [M]  sound/core/seq/snd-seq-dummy.ko
  LD [M]  sound/pci/hda/snd-hda-codec.ko
  BTF [M] sound/core/seq/snd-seq-dummy.ko
  BTF [M] sound/core/seq/snd-seq.ko
  BTF [M] sound/pci/hda/snd-hda-codec.ko
  LD [M]  sound/pci/hda/snd-hda-codec-generic.ko
  LD [M]  sound/pci/hda/snd-hda-intel.ko
  BTF [M] sound/pci/hda/snd-hda-codec-generic.ko
  BTF [M] sound/pci/hda/snd-hda-intel.ko
  LD [M]  sound/hda/snd-hda-core.ko
  LD [M]  sound/hda/snd-intel-dspcfg.ko
  BTF [M] sound/hda/snd-hda-core.ko
  BTF [M] sound/hda/snd-intel-dspcfg.ko
  LD [M]  sound/hda/snd-intel-sdw-acpi.ko
  BTF [M] sound/hda/snd-intel-sdw-acpi.ko
  LD [M]  net/sched/sch_fq_codel.ko
  LD [M]  net/netfilter/nfnetlink.ko
  BTF [M] net/sched/sch_fq_codel.ko
  BTF [M] net/netfilter/nfnetlink.ko
  LD [M]  net/netfilter/nfnetlink_hook.ko
  BTF [M] net/netfilter/nfnetlink_hook.ko
  LD [M]  net/netfilter/nf_tables.ko
  LD [M]  net/netfilter/x_tables.ko
  LD [M]  net/netfilter/xt_tcpudp.ko
  BTF [M] net/netfilter/x_tables.ko
  BTF [M] net/netfilter/xt_tcpudp.ko
  LD [M]  net/ipv4/netfilter/ip_tables.ko
  BTF [M] net/ipv4/netfilter/ip_tables.ko
  BTF [M] net/netfilter/nf_tables.ko
  LD [M]  net/qrtr/qrtr.ko
  BTF [M] net/qrtr/qrtr.ko
  OBJCOPY arch/arm64/boot/vmlinuz.o
  LD      arch/arm64/boot/vmlinuz.efi.elf
  OBJCOPY arch/arm64/boot/vmlinuz.efi
